기관명,주소,응급실전화,입원실가용여부,병상수,응급실가능여부,경도,위도,응급실,입원실,수술실,지역(시),지역(구)
경희대학교병원,서울특별시 동대문구 경희대로 23 (회기동),02-958-8114,1,874,Y         ,127.05183223390303,37.5938765502235,21,604,16,서울특별시,동대문구
건국대학교병원,서울특별시 광진구 능동로 120-1 (화양동),02-2030-5555,1,854,Y         ,127.0721229093036,37.54084479467721,27,729,18,서울특별시,광진구
중앙대학교병원,서울특별시 동작구 흑석로 102 (흑석동),02-6299-1338,1,797,N         ,126.96079378447554,37.50707428493414,25,685,14,서울특별시,동작구
순천향대학교 부속 서울병원,서울특별시 용산구 대사관로 59 (한남동),02-709-9117,1,690,N1        ,127.00441798640304,37.53384172231443,28,664,13,서울특별시,용산구
이화여자대학교의과대학부속목동병원,서울특별시 양천구 안양천로 1071 (목동),02-2650-5911,1,653,Y         ,126.8862159683056,37.53654282637804,28,520,13,서울특별시,양천구
강북삼성병원,서울특별시 종로구 새문안로 29 (평동),02-2001-1000,1,720,N         ,126.96793805451702,37.568497631233825,13,559,12,서울특별시,종로구
연세대학교의과대학세브란스병원,서울특별시 서대문구 연세로 50-1 (신촌동),02-2227-7777,1,2173,Y         ,126.94082769649863,37.56211711412639,41,2183,36,서울특별시,서대문구
학교법인 고려중앙학원 고려대학교의과대학부속병원(안암병원),"서울특별시 성북구 고려대로 73, 고려대병원 (안암동5가)",02-920-5374,1,970,N1        ,127.02647086385966,37.58715608002366,32,837,22,서울특별시,성북구
재단법인아산사회복지재단 서울아산병원,"서울특별시 송파구 올림픽로43길 88, 서울아산병원 (풍납동)",02-3010-3333,1,2432,N1        ,127.10823825113607,37.526563966361216,109,2422,73,서울특별시,송파구
삼성서울병원,"서울특별시 강남구 일원로 81 (일원동, 삼성의료원)",02-3410-2060,1,1973,Y         ,127.08668245340024,37.48851613490445,71,1749,56,서울특별시,강남구
가톨릭대학교여의도성모병원,"서울특별시 영등포구 63로 10, 여의도성모병원 (여의도동)",02-3779-1188,1,531,N1        ,126.93673129599131,37.51827233800711,20,351,10,서울특별시,영등포구
학교법인가톨릭학원가톨릭대학교서울성모병원,서울특별시 서초구 반포대로 222 (반포동),02-2258-2370,1,1259,Y         ,127.00472725970137,37.501800804785276,38,1172,30,서울특별시,서초구
한양대학교병원,서울특별시 성동구 왕십리로 222-1 (사근동),02-2290-8284,1,794,N1        ,127.04488284061982,37.559944533564746,32,684,16,서울특별시,성동구
고려대학교의과대학부속구로병원,"서울특별시 구로구 구로동로 148, 고려대부속구로병원 &#40;구로동&#41;",02-2626-1550,1,985,N1        ,126.8847449363546,37.49211114525054,37,894,20,서울특별시,구로구
연세대학교의과대학 강남세브란스병원,"서울특별시 강남구 언주로 211, 강남세브란스병원 (도곡동)",02-2019-3333,1,766,N1        ,127.04631254186797,37.492806984645476,28,730,23,서울특별시,강남구
인제대학교상계백병원,"서울특별시 노원구 동일로 1342, 상계백병원 (상계동)",02-950-1119,1,514,N         ,127.06311619032102,37.6485812672986,23,537,13,서울특별시,노원구
서울대학교병원,서울특별시 종로구 대학로 101 (연건동),02-2072-2475,1,1791,N1        ,126.99896308412191,37.57966608924356,41,1497,42,서울특별시,종로구
홍익병원,"서울특별시 양천구 목동로 225, 홍익병원본관 (신정동)",02-2600-0777,1,260,N         ,126.8636640030062,37.52844147447355,11,231,4,서울특별시,양천구
의료법인한전의료재단 한일병원,"서울특별시 도봉구 우이천로 308, 한일병원 &#40;쌍문동&#41;",02-901-3119,1,381,N         ,127.02902417950423,37.64611570419094,20,345,8,서울특별시,도봉구
삼육서울병원,서울특별시 동대문구 망우로 82 (휘경동),02-2210-3566,1,418,N         ,127.0653288266823,37.587992001305395,21,406,5,서울특별시,동대문구
서울특별시 동부병원,서울특별시 동대문구 무학로 124 (용두동),02-920-9119,1,201,,127.03140257525507,37.57539886464885,10,192,3,서울특별시,동대문구
의료법인청구성심병원,서울특별시 은평구 통일로 873 (갈현동),02-383-0129,1,200,N         ,126.91955399169245,37.62079154435882,10,194,3,서울특별시,은평구
명지성모병원,"서울특별시 영등포구 도림로 156, 명지성모병원 (대림동)",02-829-7800,1,225,N         ,126.89925446922592,37.4938507104387,10,234,3,서울특별시,영등포구
의료법인동신의료재단동신병원,"서울특별시 서대문구 연희로 272, 동신병원 본관동 (홍은동)",02-396-9161,1,205,,126.93658306608872,37.58110428173239,10,196,4,서울특별시,서대문구
구로성심병원,"서울특별시 구로구 경인로 427, 구로성심병원 &#40;고척동&#41;",02-2067-1515,1,202,N         ,126.86636039556485,37.49964578669388,10,202,3,서울특별시,구로구
한국원자력의학원원자력병원,"서울특별시 노원구 노원로 75, 한국원자력의학원 (공릉동)",02-970-2620,1,483,N         ,127.08269315796588,37.628815981330355,12,450,10,서울특별시,노원구
성심의료재단강동성심병원,서울특별시 강동구 성안로 150 (길동),02-2224-2358,1,619,N1        ,127.13526354631517,37.53598408220376,22,569,12,서울특별시,강동구
서울적십자병원,"서울특별시 종로구 새문안로 9, 적십자병원 (평동)",02-2002-8888,1,292,N         ,126.96699861289684,37.56715536263689,10,278,6,서울특별시,종로구
의료법인성화의료재단대한병원,"서울특별시 강북구 도봉로 301 (수유동, 대한병원)",02-905-9110,1,201,,127.02267251878474,37.63547043209498,7,189,3,서울특별시,강북구
세란병원,서울특별시 종로구 통일로 256 (무악동),02-737-0181,1,204,,126.9577071892358,37.57534016994642,10,213,5,서울특별시,종로구
서울특별시서울의료원,서울특별시 중랑구 신내로 156 (신내동),02-2276-7403,1,651,N         ,127.0980910949257,37.61286931510163,22,549,9,서울특별시,중랑구
부민병원,"서울특별시 강서구 공항대로 389, 부민병원 (등촌동)",02-2620-0119,1,300,,126.85094950539181,37.556940892893586,10,221,5,서울특별시,강서구
대림성모병원,"서울특별시 영등포구 시흥대로 657 (대림동, 대림성모병원)",02-829-9129,1,202,,126.90716948025135,37.49068925436284,10,178,4,서울특별시,영등포구
한림대학교한강성심병원,"서울특별시 영등포구 버드나루로7길 12 (영등포동7가, 한강성심병원)",02-2639-5555,1,140,N         ,126.91033000120589,37.52346674579277,30,146,5,서울특별시,영등포구
경찰병원,"서울특별시 송파구 송이로 123, 국립경찰병원 (가락동)",02-3400-1300,1,380,N         ,127.12348793503201,37.496413213560785,13,181,7,서울특별시,송파구
서울특별시보라매병원,서울특별시 동작구 보라매로5길 20 (신대방동),02-870-2119,1,765,N         ,126.92404876254014,37.4937184009319,43,705,14,서울특별시,동작구
의료법인서울효천의료재단에이치플러스양지병원,"서울특별시 관악구 남부순환로 1636, 양지병원 (신림동)",070-4665-9119,1,289,N         ,126.93253922577287,37.48427507045319,21,267,6,서울특별시,관악구
우리들병원,서울특별시 강서구 하늘길 70 (과해동),02-2660-7057,1,165,,126.7963653099318,37.56199597494205,,,,서울특별시,강서구
강동경희대학교의대병원,서울특별시 강동구 동남로 892 (상일동),02-440-7000,1,704,Y         ,127.157084787845,37.5520459324005,22,687,14,서울특별시,강동구
녹색병원,서울특별시 중랑구 사가정로49길 53 (면목동),02-490-2113,1,282,N         ,127.08605546969357,37.58362083896108,10,299,3,서울특별시,중랑구
씨엠병원,"서울특별시 영등포구 영등포로36길 13 (영등포동4가, 충무병원)",070-4698-7811,1,110,,126.90367981067837,37.518848328762154,10,101,4,서울특별시,영등포구
미즈메디병원,서울특별시 강서구 강서로 295 (내발산동),02-2007-1118,1,100,,126.83602535156236,37.55225379358291,4,100,5,서울특별시,강서구
강남고려병원,서울특별시 관악구 관악로 242 (봉천동),02-874-7227,1,185,N         ,126.956781703053,37.4856188363947,10,148,3,서울특별시,관악구
노원을지대학교병원,"서울특별시 노원구 한글비석로 68, 을지병원 (하계동)",02-970-8282,1,542,N         ,127.07000281991385,37.636442927386746,23,449,10,서울특별시,노원구
희명병원,서울특별시 금천구 시흥대로 244 (시흥동),02-809-0122,1,225,N         ,126.90056251863875,37.45567063464179,10,215,3,서울특별시,금천구
서울성심병원,"서울특별시 동대문구 왕산로 259, 서울성심병원 (청량리동)",02-966-1616,1,227,N         ,127.04983805981972,37.58419129209865,6,213,6,서울특별시,동대문구
혜민병원,서울특별시 광진구 자양로 85 (자양동),02-2049-9119,1,224,N         ,127.08360130258502,37.535315660180416,10,235,5,서울특별시,광진구
국립중앙의료원,"서울특별시 중구 을지로 245, 국립중앙의료원 (을지로6가)",02-2276-2114,1,499,N         ,127.00579539705472,37.56733955813183,23,326,7,서울특별시,중구
한국보훈복지의료공단 중앙보훈병원,서울특별시 강동구 진황도로61길 53 (둔촌동),02-2225-1100,1,987,Y         ,127.14671886173552,37.528220900896635,30,817,14,서울특별시,강동구
성애의료재단성애병원,"서울특별시 영등포구 여의대방로53길 22 (신길동, 성애병원)",02-840-7115,1,275,N         ,126.92236733617031,37.51205044957338,21,255,5,서울특별시,영등포구
한림대학교강남성심병원,"서울특별시 영등포구 신길로 1 (대림동, 강남성심병원)",02-829-5119,1,539,Y         ,126.9086725295,37.4932492859,31,515,14,서울특별시,영등포구
차의과학대학교 강남차병원,"서울특별시 강남구 논현로 566, 강남차병원(역삼동650-9, 606-4, 605외2필지(지하7층~지하1층, 지상2층~7층)) (역삼동)",02-3468-3060,1,251,,127.03466865188072,37.506800025850865,0,206,7,서울특별시,강남구
로이병원,"서울특별시 종로구 평창문화로 75, 글로리아타운 2층일부,3,5층 (평창동)",,1,120,,126.96900620111,37.606862635259,,,,서울특별시,종로구
달려라병원,서울특별시 강동구 천호대로 1165 (길동),,1,91,,127.14092847303698,37.53408148332311,,,,서울특별시,강동구
성지병원,서울특별시 금천구 가산로 122 (가산동),,1,212,,126.892880007688,37.4765953048742,0,181,0,서울특별시,금천구
신촌연세병원,"서울특별시 마포구 서강로 110, 지2층~6층 (신수동)",02-337-7582,1,129,,126.933734666413,37.5525892651719,6,175,5,서울특별시,마포구
강북21세기병원,서울특별시 중랑구 면목로 473 (상봉동),,1,87,,127.085631420521,37.5940484210525,,45,3,서울특별시,중랑구
선한목자병원,"서울특별시 강남구 논현로 507 (역삼동, 성지하이츠3차빌딩 2층,3층일부)",,1,38,,127.036157208818,37.5015784938059,0,10,2,서울특별시,강남구
연세슬기병원,서울특별시 성동구 무학로2길 8 (도선동),,1,61,,127.030678010912,37.5642703458178,2,96,2,서울특별시,성동구
금강아산병원(재단법인 아산사회복지재단),서울특별시 용산구 이촌로 318 (이촌동),,1,48,,126.98273008257,37.5176798435221,0,101,2,서울특별시,용산구
청병원,"서울특별시 강동구 올림픽로 546, G.M.F.빌딩 (성내동)",,1,80,,127.121022361639,37.530247187452,,41,2,서울특별시,강동구
솔병원,"서울특별시 강서구 방화대로 352, 1~4층 (방화동)",,1,46,,126.8173739572,37.572359343600006,,79,,서울특별시,강서구
메드렉스병원,"서울특별시 강남구 논현로 705, 메드렉스병원 (논현동)",,1,83,,127.029976515577,37.5148984268352,0,83,5,서울특별시,강남구
의료법인풍산의료재단동부제일병원,"서울특별시 중랑구 망우로 511, 동부제일병원 지하1~6층 (망우동)",02-490-8880,1,124,,127.1090292210168,37.60067564592665,7,104,2,서울특별시,중랑구
강남힐병원,"서울특별시 관악구 남부순환로 1449, 강남힐병원 (신림동)",02-853-9100,1,94,,126.911648078471,37.4816513439454,4,99,2,서울특별시,관악구
신일병원,서울특별시 강북구 덕릉로 73 (수유동),,1,48,,127.021825891177,37.6347745804936,6,60,1,서울특별시,강북구
비에비스나무병원,"서울특별시 강남구 논현로 627, 유현빌딩 지하2,1~9,12층 (논현동)",,1,42,,127.03235680386943,37.50955952897761,0,35,2,서울특별시,강남구
서울미즈병원,서울특별시 강동구 천호대로 1043 (천호동),,1,61,,127.128105133924,37.5376220633826,0,72,3,서울특별시,강동구
서울양병원,서울특별시 강동구 천호대로 1159 (길동),,1,50,,127.140123786539,37.5340665832454,,50,3,서울특별시,강동구
미병원,"서울특별시 강남구 논현로168길 35, 목산빌딩, 지하2층, 3~5층 (신사동)",,1,30,,127.0312089327,37.5234641249,,30,4,서울특별시,강남구
윤호병원,"서울특별시 강남구 압구정로 304, 윤호병원 (지하1층,지하2층,1층~4층,7층)  (신사동)",,1,30,,127.034414086692,37.5288443792735,0,48,2,서울특별시,강남구
새움병원,"서울특별시 금천구 시흥대로139길 8, 새움병원 (독산동)",,1,100,,126.897655390325,37.4730528935658,,63,3,서울특별시,금천구
서울연세병원,"서울특별시 마포구 토정로 271, 대현빌딩 지하1층,지상2~6층 (용강동)",,1,44,,126.940310619041,37.5424624834344,,47,2,서울특별시,마포구
장스여성병원(본관),서울특별시 중랑구 망우로 411  (망우동),,1,39,,127.097891610363,37.5995969226542,,68,1,서울특별시,중랑구
참튼튼병원,서울특별시 동대문구 답십리로 261 (장안동),,1,93,,127.069359147079,37.572732776108,,,,서울특별시,동대문구
맑은수병원,서울특별시 동대문구 천호대로83길 44 (장안동),,1,129,,127.065546531255,37.5638839349002,,189,,서울특별시,동대문구
에이치큐브병원,서울특별시 도봉구 도봉로 604 (창동),,1,54,,127.04103427994265,37.65831441873671,,59,5,서울특별시,도봉구
연세바른병원,"서울특별시 동작구 사당로 300, 2·4층일부및3  층 (사당동, 이수자이)",,1,45,,126.980281616349,37.4843790909712,,60,,서울특별시,동작구
공안과병원,서울특별시 강동구 풍성로37길 45 (성내동),,1,30,,127.126027072458,37.5339148820044,,,,서울특별시,강동구
의료법인춘혜의료재단명지춘혜재활병원,"서울특별시 영등포구 대림로 223 (대림동, 명지춘혜병원)",,1,226,,126.897027181092,37.5006467013969,,,,서울특별시,영등포구
예스병원,"서울특별시 구로구 구로동로 147, MEDI FLOWER 147 (구로동)",,1,58,,126.883400470712,37.4916865049695,,,,서울특별시,구로구
바른본병원,서울특별시 광진구 천호대로 630 (능동),,1,41,,127.087170869081,37.5537986062705,,35,2,서울특별시,광진구
조은마디병원,서울특별시 강동구 천호대로170길 19 (성내동),,1,52,,127.133211287427,37.5343626326079,,,,서울특별시,강동구
사랑플러스병원,서울특별시 강동구 양재대로 1580 (명일동),,1,95,,127.143605912129,37.5466848586676,,,,서울특별시,강동구
강동연세병원,서울특별시 강동구 올림픽로 734 (천호동),,1,32,,127.126626265578,37.5467610506714,,49,1,서울특별시,강동구
참튼튼병원,"서울특별시 노원구 노해로 502, 2층, 3층, 5층 (상계동)",,1,53,,127.063692307584,37.6544500497108,,,,서울특별시,노원구
팔팔병원,"서울특별시 중랑구 동일로 679 (면목동, 88병원)",,1,86,,127.07969838544,37.5909406409469,,,,서울특별시,중랑구
참포도나무병원,서울특별시 서초구 바우뫼로35길 32 (양재동),,1,38,,127.038680321903,37.4799289174276,,40,2,서울특별시,서초구
선수촌병원,"서울특별시 송파구 올림픽로 76, J타워 3~7층 (잠실동)",,1,53,,127.079181383259,37.5115603565131,,,,서울특별시,송파구
삼성미래여성병원,"서울특별시 구로구 서해안로 2296, 삼성미래여성병원 (오류동)",,1,51,,126.84044403086,37.4912413885939,,,,서울특별시,구로구
강북우리들병원,"서울특별시 강북구 한천로 1083, 수유동 (수유동, 광산타워)",,1,83,,127.022634105373,37.6425448823211,,,,서울특별시,강북구
광혜병원,"서울특별시 강남구 영동대로86길 9 (대치동, 지하1~2층,2~7층)",,1,79,,127.064771981255,37.508136490079,,,,서울특별시,강남구
메디힐병원,"서울특별시 양천구 남부순환로 331 (신월동, 메디힐병원)",,1,116,,126.827841386792,37.5372613394638,11,113,6,서울특별시,양천구
365엠씨(mc)병원,"서울특별시 서초구 서초중앙로 126, 서울365mc병원 지하1층, 2~13층 (서초동)",,1,46,,127.014115205707,37.4929905549467,,,,서울특별시,서초구
청화병원,서울특별시 동작구 장승배기로 108 (노량진동),,1,53,,126.94020821431485,37.50702302771752,,,2,서울특별시,동작구
제니스병원,서울특별시 광진구 자양로 215 (구의동),,1,96,,127.08644676217,37.5465132167877,,90,0,서울특별시,광진구
영동병원,서울특별시 동대문구 한천로 4 (장안동),,1,80,,127.058553733243,37.5632449294324,2,80,2,서울특별시,동대문구
웰튼병원,"서울특별시 강서구 마곡중앙5로 22, 지하1,2지상4,1층 0,11,12호 (마곡동)",,1,52,,126.825303015866,37.5672498211268,3,89,4,서울특별시,강서구
토마스병원,"서울특별시 강남구 언주로174길 15, 구정빌딩 (신사동)",,1,31,,127.035233806887,37.5285132897442,0,51,2,서울특별시,강남구
뉴스타트병원,"서울특별시 송파구 송이로 76, 뉴스타트병원 (가락동)",,1,141,,127.119513008234,37.4990977042848,,92,1,서울특별시,송파구
연세사랑병원,"서울특별시 서초구 남부순환로 2205, 지하4층~지상6층 (방배동)",,1,168,,126.993730897115,37.4740486964094,0,85,4,서울특별시,서초구
서울라본병원,서울특별시 중랑구 망우로 476 (망우동),,1,57,,127.1050924258,37.600312514,,33,2,서울특별시,중랑구
민병원,"서울특별시 강북구 도봉로 155, 서울민병원 (미아동)",,1,40,,127.027280383769,37.6226164357907,0,57,2,서울특별시,강북구
방병원,"서울특별시 노원구 동일로 989, 1~9층 (공릉동)",,1,67,,127.075033608195,37.6184022670986,,53,2,서울특별시,노원구
국립재활원,"서울특별시 강북구 삼각산로 58 (수유동, 국립재활원)",,1,264,,127.010264590667,37.638655704921,0,200,0,서울특별시,강북구
서울송도병원,"서울특별시 중구 다산로 78, 송도병원 (신당동)",,1,152,,127.008381705394,37.5511665956999,0,200,6,서울특별시,중구
포미즈여성병원,"서울특별시 양천구 공항대로 610 (목동, 정종일산부인과)",,1,31,,126.87235841377,37.546789059764,,,2,서울특별시,양천구
연세노블병원,서울특별시 은평구 서오릉로 37 (녹번동),,1,94,,126.924452636345,37.6040399058057,,120,,서울특별시,은평구
호산여성병원,"서울특별시 강남구 언주로 871, 호산병원 (신사동)",,1,44,,127.033354132164,37.5285677154605,0,40,2,서울특별시,강남구
강남베드로병원,"서울특별시 강남구 남부순환로 2649, 베드로병원 (도곡동)",1544-7522,1,184,,127.0395873429168,37.485612179925724,0,49,4,서울특별시,강남구
허리나은병원,"서울특별시 강동구 양재대로 1415, 지하4, 지상5층 (성내동)",,1,36,,127.137628283086,37.5324911454378,0,44,2,서울특별시,강동구
메디아이여성병원,"서울특별시 노원구 노원로 448 (상계동, 메디아이여성병원)",,1,36,,127.0670480462,37.6564723367144,,30,2,서울특별시,노원구
더본병원,서울특별시 동작구 동작대로 67 (사당동),,1,42,,126.981480681968,37.4825469938281,,,,서울특별시,동작구
사랑의병원,"서울특별시 관악구 남부순환로 1860, -1,1,3,4,5층 (봉천동,  )",02-880-0119,1,74,,126.956285774259,37.4796247835746,6,68,1,서울특별시,관악구
김정수여러분병원,"서울특별시 강남구 봉은사로 171 (논현동, 지하1층일부,1-5층,6층일부)",,1,30,,127.032576001066,37.5072207305514,0,30,1,서울특별시,강남구
바로선병원,"서울특별시 도봉구 도봉로 628 (창동, 바로선병원)",,1,136,,127.042113640274,37.6603418778017,4,94,3,서울특별시,도봉구
은평연세병원,서울특별시 은평구 연서로 177 (갈현동),02-388-0119,1,73,,126.917472218592,37.6146922208583,6,,4,서울특별시,은평구
반도정형외과병원,"서울특별시 중구 동호로 202, 반도정형외과 (신당동)",,1,30,,127.010110415753,37.5559931963298,2,53,1,서울특별시,중구
한솔병원,"서울특별시 송파구 송파대로 445, 한솔병원 (석촌동)",,1,72,,127.105912362918,37.5060777045103,0,80,3,서울특별시,송파구
방화병원,"서울특별시 강서구 양천로 92, 지하1, 지상1~6층 층호 (방화동, 방화정형외과)",,1,30,,126.813998111564,37.5732366865058,,,,서울특별시,강서구
강서송도병원,"서울특별시 강서구 공항대로 315 (등촌동, 서울시니어강서타워)",,1,51,,126.842791205411,37.5584986162827,0,89,3,서울특별시,강서구
서울특별시어린이병원,서울특별시 서초구 헌릉로 260 (내곡동),,1,208,,127.068851404997,37.4557172797141,0,295,0,서울특별시,서초구
누네안과병원,"서울특별시 강남구 테헤란로 408, 대치빌딩 지상9층~지상17층 (대치동)",,1,50,,127.050387028274,37.5044682122431,0,50,2,서울특별시,강남구
한강수병원,"서울특별시 영등포구 영등포로 83, 한강수병원 (양평동1가)",02-2063-8413,1,46,,126.890913736375,37.5224047841717,,,,서울특별시,영등포구
척편한병원,"서울특별시 관악구 신림로 318, 4,5층 (신림동, 청암두산위브)",,1,90,,126.930252917369,37.4825754320038,,,,서울특별시,관악구
아름제일병원,"서울특별시 구로구 새말로 94, 2~6층, 9층 / 새말로 110 지하1층동 3~6층 (구로동)",,1,97,,126.890498431184,37.5054702180553,,,,서울특별시,구로구
튼튼병원,"서울특별시 강남구 영동대로 713, B1~6층, 7층일부,8층 (청담동)",,1,120,,127.055749348567,37.5213073708446,,,,서울특별시,강남구
하늘병원,"서울특별시 동대문구 천호대로 317, 하늘병원 (답십리동)",,1,77,,127.055634655029,37.565178527398,,,,서울특별시,동대문구
의료법인우리아이들의료재단우리아이들병원,"서울특별시 구로구 새말로 15, 2~10층,11층 일부호 (구로동, 삼전 솔하임)",,1,60,,126.882472051568,37.5021858199934,,,,서울특별시,구로구
연세무척나은병원,서울특별시 광진구 천호대로 568 (능동),,1,41,,127.080898776139,37.5562629735009,,,,서울특별시,광진구
서울현대병원,"서울특별시 강북구 도봉로 374 (번동, 서울현대병원)",02-902-9119,1,183,,127.028504374531,37.6402559204261,10,134,3,서울특별시,강북구
제일정형외과병원,"서울특별시 강남구 영동대로 726, 경일빌딩1~12층, 14층, 지하1~2층, 지하4~5층 (청담동)",,1,132,,127.05614063947,37.522820779835,0,85,3,서울특별시,강남구
서울21세기병원,서울특별시 서초구 서초중앙로 39 (서초동),,1,80,,127.015712528164,37.4852789881319,,100,4,서울특별시,서초구
정동병원,서울특별시 동작구 양녕로 283 (상도1동),,1,59,,126.949438704753,37.5049498152225,3,83,3,서울특별시,동작구
서울노보스병원,서울특별시 도봉구 도봉로 755(도봉동),,1,250,,127.043634544572,37.6719302785383,3,258,1,서울특별시,도봉구
대항병원,서울특별시 서초구 남부순환로 2151 (방배동),,1,78,,126.987740199474,37.4756666208059,,101,7,서울특별시,서초구
아카시아병원,서울특별시 금천구 시흥대로114길 5 (독산동),,1,45,,126.898548517713,37.4680878358447,,57,2,서울특별시,금천구
서울특별시북부병원,서울특별시 중랑구 양원역로 38 (망우동),,1,200,,127.10768066266,37.6043947292607,,200,,서울특별시,중랑구
서울척병원,서울특별시 성북구 동소문로47길 8 &#40;길음동&#41;,,1,99,,127.029269992391,37.6088605693088,,73,4,서울특별시,성북구
유광사여성병원,서울특별시 강서구 강서로 194 (화곡동),,1,75,,126.838880973474,37.5435916590617,0,75,1,서울특별시,강서구
코리아병원,서울특별시 동대문구 장한로 143 (장안동),,1,98,,127.071518871889,37.5731976621686,4,98,3,서울특별시,동대문구
서울재활병원,서울특별시 은평구 갈현로11길 30 (구산동),,1,80,,126.906342824539,37.60561275596,,,,서울특별시,은평구
서울병원,서울특별시 송파구 오금로 290 (가락동),,1,93,,127.124708246107,37.5039052343651,4,90,2,서울특별시,송파구
핑크힐병원,서울특별시 강서구 양천로 712 (염창동),,1,30,,126.874810563039,37.5493118670926,4,99,2,서울특별시,강서구
우리들병원,"서울특별시 강남구 학동로 445, 우리들병원 (청담동)",,1,229,,127.049609103629,37.51909256106,5,272,13,서울특별시,강남구
서울특별시서북병원,서울특별시 은평구 갈현로7길 49 (역촌동),,1,403,,126.905664235484,37.6043567763756,,510,,서울특별시,은평구
하나이비인후과병원,"서울특별시 강남구 역삼로 245, 지하2층일부 1층일부 2~7층 (역삼동)",,1,33,,127.042973993719,37.4979195675135,,,,서울특별시,강남구
고도일병원,"서울특별시 서초구 강남대로 505 (반포동, 고도일 병원)",,1,130,,127.0227028296,37.50701445806,0,59,3,서울특별시,서초구
조인트힐병원,서울특별시 관악구 난곡로 215 (신림동),,1,41,,126.917547423344,37.4737283481113,,,,서울특별시,관악구
유나이티드병원,"경기도 하남시 미사강변대로 48, 해든마루빌딩 3, 4층일부, 5층 (풍산동)",,1,38,,127.18620131558897,37.55435142401061,0,36,1,경기도,하남시
날개병원,서울특별시 동대문구 무학로 193-1 (용두동),,1,39,,127.029498659534,37.5816271425374,,,,서울특별시,동대문구
본서부병원,서울특별시 은평구 은평로 133 (응암동),,1,49,,126.922591585689,37.6009323557961,8,89,2,서울특별시,은평구
강서힘찬병원,"서울특별시 강서구 강서로56길 38 (등촌동, 강서힘찬병원)",,1,113,,126.840668886961,37.5591929622171,,,,서울특별시,강서구
조앤조병원,"서울특별시 중랑구 망우로 474 (망우동, 조앤조병원)",,1,65,,127.10471509743,37.6003063622164,,,,서울특별시,중랑구
서울스타병원,"서울특별시 강서구 강서로 307, 서울스타병원빌딩 3,4,5,6,7,층 8,9호 (내발산동)",,1,57,,126.836227554297,37.5532303968282,0,58,2,서울특별시,강서구
서울병원,서울특별시 은평구 진흥로 191 (대조동),,1,55,,126.930739739666,37.6088308110956,1,70,2,서울특별시,은평구
재단법인한국산업보건환경연구소부설해상병원,서울특별시 영등포구 신길로 173 (신길동),,1,180,,126.910726825676,37.5076073919529,,,,서울특별시,영등포구
린여성병원,"서울특별시 동대문구 답십리로 266, 파워스빌딩 (장안동)",,1,60,,127.069844464433,37.5722812717492,,,,서울특별시,동대문구
의료법인우신향병원,서울특별시 성북구 안암로 99 (안암동5가),,1,80,,127.031235460115,37.5848797322556,,88,2,서울특별시,성북구
서울특별시서남병원,서울특별시 양천구 신정이펜1로 20 (신정동),02-6300-9129,1,250,N         ,126.8331299304024,37.51201935883779,10,252,5,서울특별시,양천구
서울나은병원,서울특별시 동대문구 왕산로 137 (제기동),,1,72,,127.038731404679,37.5785692943084,,70,,서울특별시,동대문구
디앤에프병원,"서울특별시 중랑구 봉화산로 64 (중화동, 디엔에프병원)",,1,66,,127.081486513539,37.6014710157599,,,,서울특별시,중랑구
의료법인마리아의료재단마리아병원,"서울특별시 송파구 송이로 152, 마리아 의료재단 새병원 (가락동)",,1,30,,127.124408101115,37.4932775569006,,,,서울특별시,송파구
강남을지대학교병원,"서울특별시 강남구 도산대로 202, 강남을지병원 B2~9층 (논현동)",,1,33,,127.028627227383,37.5194081037449,0,30,3,서울특별시,강남구
아이디병원,"서울특별시 강남구 도산대로 142, 아이디병원 B1층,1,2,3층 (논현동)",,1,30,,127.024188449416,37.5176799808097,,30,6,서울특별시,강남구
사회복지법인 성가소비녀회 성가복지병원,서울특별시 성북구 종암로 191 (하월곡동),,1,33,,127.030683404081,37.6069277678263,,100,,서울특별시,성북구
힘찬병원,"서울특별시 양천구 신목로 120 (목동, 힘찬병원)",,1,199,,126.876846570165,37.5249809740677,,162,6,서울특별시,양천구
인정병원,서울특별시 은평구 응암로 164 (응암동),,1,60,,126.91659126549,37.5865882667176,,62,3,서울특별시,은평구
의료법인상원의료재단강북힘찬병원,"서울특별시 도봉구 도봉로 446, 강북힘찬병원 (창동)",,1,152,,127.033377074805,37.6456625299969,0,185,7,서울특별시,도봉구
햇빛병원,서울특별시 강북구 도봉로 74 (미아동),,1,60,,127.030285286084,37.6157674743173,0,50,2,서울특별시,강북구
의료법인청해의료재단제일병원,서울특별시 서초구 서초대로 116 (방배동),,1,44,,126.995052679586,37.4878291517951,2,88,1,서울특별시,서초구
학교법인대진교육재단제인병원,서울특별시 성동구 광나루로 243 (송정동),,1,97,,127.05694427692782,37.54946099718933,,,,서울특별시,성동구
서울고든병원,"서울특별시 강서구 양천로 600, 파인블루빌딩 지하1층,2,7,8층 ,9,10호 (등촌동)",,1,87,,126.864673727749,37.5554767520191,,209,10,서울특별시,강서구
의료법인인봉의료재단영등포병원,서울특별시 영등포구 당산로31길 10 (당산동3가),02-2632-0013,1,89,,126.89561402986,37.526858089517,6,122,2,서울특별시,영등포구
실로암안과병원,"서울특별시 강서구 등촌로 181 (등촌동, 실로암안과병원)",,1,50,,126.86223980574,37.5460169755054,,50,,서울특별시,강서구
강남수병원,서울특별시 송파구 삼전로2길 11 (삼전동),,1,31,,127.086157841705,37.5013402409902,1,43,2,서울특별시,송파구
의료법인한국의료재단프라임병원,서울특별시 중랑구 공릉로 76 (묵동),,1,30,,127.07946003191,37.6172283555794,,30,1,서울특별시,중랑구
의료법인마리아의료재단마리아병원,서울특별시 동대문구 천호대로 20 (신설동),,1,32,,127.025164225873,37.5743400943334,,32,1,서울특별시,동대문구
건양의료재단김안과병원,서울특별시 영등포구 영신로 136 (영등포동4가),,1,85,,126.90148410024,37.519736114287,,100,12,서울특별시,영등포구
연희이비인후과의원,"서울특별시 서대문구 연희로 117, 2층 (연희동)",,2,,,126.9318307782681,37.56831471437838,,,,서울특별시,서대문구
오가정의학과의원,서울특별시 관악구 남부순환로230길 35 (봉천동),,2,,,126.955641222813,37.4784817032072,,,,서울특별시,관악구
유안과의원,서울특별시 관악구 봉천로 520 (봉천동),,2,0,,126.9557052011,37.4794598628729,,,,서울특별시,관악구
홍안과의원,서울특별시 동대문구 전농로 134 (전농동),,2,,,127.057996432568,37.5768510443127,,,,서울특별시,동대문구
서울의원,"서울특별시 은평구 갈현로 206, 2층 (갈현동)",,2,,,126.913761046143,37.6157668787749,,,,서울특별시,은평구
미애로여성의원,"서울특별시 중랑구 신내로 72, 원빌딩 4층 북측호 (신내동)",,2,0,,127.09566855816,37.6054064377729,,,,서울특별시,중랑구
김철우내과의원,"서울특별시 중랑구 동일로 925, 2층 (묵동)",,2,,,127.076857313725,37.6129774146228,,,,서울특별시,중랑구
이율모이비인후과의원,서울특별시 서초구 방배로 165 (방배동),,2,,,126.992817105071,37.4882720626399,,,,서울특별시,서초구
유영미서울소아청소년과의원,"서울특별시 관악구 관악로 205, 4층 (봉천동)",,2,0,,126.953912622908,37.4833797372461,,,,서울특별시,관악구
김동주성형외과의원,서울특별시 양천구 중앙로 277 (신정동),,2,,,126.852250412499,37.5209251971625,,,,서울특별시,양천구
남서울정형외과의원,"서울특별시 강남구 일원로 33, 금성빌딩 2층 (일원동)",,2,,,127.081055413987,37.4909138011658,,,,서울특별시,강남구
참조은내과의원,"서울특별시 동대문구 망우로 123, 2층 (휘경동, 휘경메디컬프라자)",,2,,,127.06659655052,37.591711720367,,,,서울특별시,동대문구
플로체여성의원,"서울특별시 서초구 강남대로 475, 4층 (반포동)",,2,0,,127.023896898208,37.5047497261489,,,,서울특별시,서초구
조내과의원,"서울특별시 동작구 장승배기로10길 49, 1,2층 (상도동)",,2,0,,126.941619320261,37.5043250564914,,,,서울특별시,동작구
탑메디피부과의원,"서울특별시 노원구 한글비석로 270, 스카이타워 4층 401,402호 (중계동)",,2,0,,127.077403153081,37.6515705090228,,,,서울특별시,노원구
정구일정형외과의원,"서울특별시 관악구 남부순환로 1782, 우주빌딩 (봉천동)",,1,29,,126.948170045195,37.4814574882965,,,,서울특별시,관악구
반마취통증의학과의원,"서울 동작구 상도로 65 , 금성빌딩 4층  (대방동)",,2,,,126.927922011043,37.4999838361632,,,,서울특별시,동작구
클린앤미피부과의원,"서울특별시 마포구 월드컵북로 347, 6층 (상암동, 상암메디칼빌딩)",,2,,,126.893216249483,37.576345413949,,,,서울특별시,마포구
송파제일정형외과의원,"서울특별시 송파구 가락로 99 (석촌동, 석촌프라자 2층)",,2,,,127.10698975785569,37.501160594172184,,,,서울특별시,송파구
연세서내과의원,"서울특별시 서초구 잠원로4길 33-2, 잠원동 스타빌딩 302호, 303호일부호 (잠원동)",,2,0,,127.010659840374,37.5128156550848,,,,서울특별시,서초구
서초아가페의원,"서울특별시 서초구 고무래로 90-7, 406호 (서초동, 서초쇼핑)",,2,,,127.01745084134,37.4999223644377,,,,서울특별시,서초구
가족사랑서울정신건강의학과의원,서울특별시 영등포구 당산로 222 (당산동5가),,2,0,,126.902291122854,37.5332447828491,,,,서울특별시,영등포구
도도성형외과의원,"서울특별시 동대문구 천호대로 425, 3층 (장안동)",,2,0,,127.066468745001,37.5618156326667,,,,서울특별시,동대문구
김경희건강한마음의원,서울 중구 퇴계로 77 신관 13층  (충무로1가),,2,0,,126.980823104019,37.5603438884295,,,,서울특별시,중구
용가정의학과의원,"서울특별시 성북구 오패산로 16, 2층 (하월곡동)",,2,0,,127.037558381835,37.6036628449752,,,,서울특별시,성북구
나눔정신건강의학과의원,"서울특별시 성동구 왕십리로 339, 2층 (하왕십리동)",,2,,,127.032085242674,37.5629076652687,,,,서울특별시,성동구
방학서울의원,"서울특별시 도봉구 도당로 80, 지상 3,4층 (방학동)",,1,12,,127.036344945016,37.6648346469578,,,,서울특별시,도봉구
상쾌한이비인후과의원,"서울특별시 도봉구 도봉로 468, 4층 401호 (창동, 홍일빌딩)",,1,1,,127.034372618396,37.6473861862855,,,,서울특별시,도봉구
허내과의원,"서울특별시 동대문구 이문로 136, 2층 F11호, F12호 (이문동, 이문동웰츠타워)",,2,0,,127.061872724933,37.5984809170412,,,,서울특별시,동대문구
이태원내과의원,"서울특별시 동대문구 한천로 196, 2층 (장안동)",,2,,,127.068366653594,37.5778529856705,,,,서울특별시,동대문구
김승일마취통증의학과의원,서울특별시 동대문구 천호대로 72 (용두동),,2,0,,127.031421189052,37.5736878062494,,,,서울특별시,동대문구
소중한유여성외과의원,"서울특별시 서초구 동작대로 108, 401호 (방배동, 디오슈페리움2)",,1,3,,126.98261908721281,37.48608966195583,,,,서울특별시,서초구
압구정오라클피부과의원,"서울특별시 강남구 압구정로30길 23, 4층 (신사동)",,2,0,,127.029494234094,37.5258914152554,,,,서울특별시,강남구
문경서정신건강의학과의원,서울특별시 광진구 능동로 390 (중곡동),,1,37,,127.083404745322,37.5638286110351,,,,서울특별시,광진구
잠실고운세상피부과의원,"서울특별시 송파구 올림픽로35길 123, 2층 (신천동, 향군타워)",,2,0,,127.101225932288,37.5165777895252,,,,서울특별시,송파구
본이비인후과의원,서울특별시 양천구 목동중앙북로 27,,2,,,126.866559971213,37.5483132652872,,,,서울특별시,양천구
최윤영산부인과의원,서울특별시 은평구 통일로 731 (대조동),,2,,,126.929466316371,37.6106226649216,,,,서울특별시,은평구
우리정형외과의원,"서울특별시 양천구 목동남로4길 2, 2층 206호, 209호 (신정동, 세양청마루2차 주상복합)",,2,0,,126.864535471682,37.508287498257,,,,서울특별시,양천구
새서울이비인후과의원,"서울특별시 동대문구 장한로 144, 2, 4층 (장안동)",,2,,,127.072120365569,37.5731435969532,,,,서울특별시,동대문구
연세제일의원,"서울특별시 은평구 연서로 9, 201호 (역촌동, 센타폴리스)",,2,0,,126.91556845327,37.6000995302827,,,,서울특별시,은평구
주함외과의원,"서울특별시 광진구 능동로 409, 2.3층 (중곡동)",,1,7,,127.083812284326,37.5656080597832,,,,서울특별시,광진구
정진내과의원,"서울특별시 중랑구 사가정로 401, 2층 (면목동)",,2,,,127.089460523819,37.5808527086579,,,,서울특별시,중랑구
이소아청소년과의원,"서울특별시 서대문구 응암로 60, 4층 (북가좌동)",,2,0,,126.9105338439,37.5784637197,,,,서울특별시,서대문구
원문섭피부과의원,서울특별시 강동구 양재대로 1655 (명일동),,2,,,127.143932300441,37.5533530158301,,,,서울특별시,강동구
파라곤내과의원,"서울특별시 양천구 목동서로 155, 지하1층 (목동, 동양파라곤)",,2,,,126.875071951863,37.5299956155624,,,,서울특별시,양천구
김기찬내과의원,"서울특별시 서초구 동작대로 134, 5층 (방배동, 가나안빌딩)",,2,0,,126.982789345503,37.4886546765779,,,,서울특별시,서초구
이음산부인과의원,"서울특별시 서초구 서초대로 320, 2층 (서초동)",,2,0,,127.01657607757,37.4942200198785,,,,서울특별시,서초구
웰스킨의원,"서울특별시 서초구 반포대로 291, 원베일리 스퀘어 5층 531~534호 (반포동)",,2,0,,126.999480997797,37.5049020694443,,,,서울특별시,서초구
김종주신경정신과의원,"서울특별시 서초구 신반포로 157, 1동 4층 (잠원동, 잠원동 반포쇼핑)",,2,,,127.001460546765,37.5055133936715,,,,서울특별시,서초구
소생의원,"서울특별시 양천구 목동중앙북로 13-1, 2층 (목동)",,2,,,126.86515053116554,37.54856520495693,,,,서울특별시,양천구
목동동안의원,"서울특별시 양천구 목동로 201, 3층 (신정동)",,2,0,,126.863931880867,37.5264593103148,,,,서울특별시,양천구
제이앤케이의원,"서울특별시 강남구 도산대로 120, 청호빌딩 12층 (논현동)",,2,0,,127.021877320289,37.5167333867393,,,,서울특별시,강남구
김인철의원,"서울특별시 관악구 시흥대로 558-1, 4층 (신림동, G 밸리마인드)",,2,,,126.901969289183,37.4827842965972,,,,서울특별시,관악구
유태석내과의원,"서울특별시 중구 동호로 180, 대승빌딩 5층 (신당동)",,2,0,,127.011312653525,37.5544192245189,,,,서울특별시,중구
웰빙의원,"서울특별시 서초구 강남대로 455, 302호(서초동,데시앙루브)",,2,,,127.024543871587,37.5028594641113,,,,서울특별시,서초구
최성호성형외과의원,"서울특별시 성동구 왕십리로 309, 왕십리역이스타빌 403호 (행당동)",,2,,,127.034582633625,37.5613776986706,,,,서울특별시,성동구
사랑의안과의원,"서울특별시 성동구 고산자로 234, 5층 (행당동, 나래타워)",,2,,,127.03526540093,37.5605265052689,,,,서울특별시,성동구
은의원,"서울특별시 서대문구 수색로 32, 3층 (남가좌동)",,2,,,126.915117519587,37.5694956315367,,,,서울특별시,서대문구
안호범안스성형외과의원,"서울특별시 노원구 노해로 460, 현대증권빌딩 2층 201호 (상계동)",,2,0,,127.059292282913,37.6537175921478,,,,서울특별시,노원구
류종상내과의원,"서울특별시 은평구 통일로 741, 신흥빌딩 5층 (대조동)",,2,,,126.928611590744,37.6114268242168,,,,서울특별시,은평구
백이비인후과의원,서울특별시 동작구 사당로 230-1 (사당동),,2,,,126.973243297085,37.4833057767884,,,,서울특별시,동작구
증산의원,서울특별시 은평구 증산서길 95 (증산동),,2,,,126.907507722116,37.5847415813548,,,,서울특별시,은평구
고려안과의원,"서울특별시 서대문구 통일로 201, 2층 (영천동)",,2,0,,126.961104138121,37.5711028779759,,,,서울특별시,서대문구
서울성형외과의원,서울특별시 노원구 노해로 482  (상계동),,2,,,127.0617158001,37.6542726157,,,,서울특별시,노원구
김정자산부인과의원,서울특별시 송파구 석촌호수로 234 (석촌동),,2,0,,127.102735192556,37.5076453754084,,,,서울특별시,송파구
글로비성형외과의원,"서울특별시 강남구 논현로 843, EGI빌딩 5층,6층 (신사동)",,2,0,,127.027974583311,37.5243951301387,,,,서울특별시,강남구
김지연위쉬성형외과의원,"서울특별시 강남구 압구정로 432, 7층 (청담동)",,2,0,,127.044079997771,37.5266074034274,,,,서울특별시,강남구
실루엣성형외과의원,"서울특별시 강남구 압구정로 156 (신사동, 카로시티2 301,302,303호)",,1,2,,127.026766411038,37.5260287469955,,,,서울특별시,강남구
지킴내과의원,"서울특별시 광진구 광나루로 614 (구의동,만택빌딩 3층)",,2,0,,127.09583385236,37.5407914746361,,,,서울특별시,광진구
박안과의원,"서울특별시 동작구 동작대로 89, 406호 (사당동, 골든시네마타워)",,2,,,126.981665713772,37.4846140265703,,,,서울특별시,동작구
이용국내과의원,서울특별시 동작구 장승배기로20길 4 (노량진동),,2,,,126.940484101536,37.5084058625589,,,,서울특별시,동작구
서울유니언이비인후과의원,"서울특별시 동작구 동작대로 89, 403호 (사당동, 골든시네마타워)",,1,3,,126.981665713772,37.4846140265703,,,,서울특별시,동작구
한상일의원,"서울특별시 성동구 고산자로6길 40, 2층 201호 (행당동, 레몬프라자)",,2,,,127.035482520519,37.5582206987955,,,,서울특별시,성동구
자애산부인과의원,"서울특별시 성동구 성덕정길 79, 1, 3층 (성수동2가)",,2,,,127.052464345168,37.5380195701809,,,,서울특별시,성동구
명이비인후과의원,서울특별시 성동구 용답중앙27길 11 (용답동),,2,,,127.055118753614,37.5635019253959,,,,서울특별시,성동구
서울성모의원,"서울특별시 중구 마장로9길 34, 2층 (황학동)",,2,0,,127.0197457786,37.5699148966,,,,서울특별시,중구
박정근내과의원,서울특별시 관악구 난곡로 194 (신림동),,2,0,,126.919608982564,37.4722697720366,,,,서울특별시,관악구
노영숙산부인과의원,"서울특별시 관악구 남부순환로 1924, 201호 (봉천동, 동림빌딩)",,2,0,,126.96287811279,37.4769082427966,,,,서울특별시,관악구
연세양지가정의원,서울특별시 관악구 난곡로26길 13 (신림동),,2,,,126.920729188095,37.4705429317532,,,,서울특별시,관악구
관악플러스내과의원,"서울특별시 관악구 난곡로 299, 5,6층 (신림동, 성안빌딩)",,2,0,,126.914368780839,37.4806780051365,,,,서울특별시,관악구
한양재활의학과의원,"서울특별시 동작구 상도로 234, 2층 (상도동)",,2,,,126.944574053634,37.5049588053359,,,,서울특별시,동작구
이해진소아청소년과의원,서울특별시 은평구 은평로 142 (응암동),,2,,,126.923483934255,37.6004900107548,,,,서울특별시,은평구
불광연세가정의학과의원,"서울 은평구 불광로 8 , 2층  (대조동)",,2,0,,126.927599971546,37.6093214974958,,,,서울특별시,은평구
DMC수색신경외과의원,"서울특별시 은평구 수색로 191, 두빌191 2층 (증산동)",,2,0,,126.901072414948,37.5782509235095,,,,서울특별시,은평구
연세안과의원,서울특별시 성동구 왕십리로 309,,2,,,127.034582633625,37.5613776986706,,,,서울특별시,성동구
최혜석이비인후과의원,"서울특별시 영등포구 당산로 142-1, 2층 (당산동3가, 클리닉빌딩)",,2,,,126.897307869043,37.5273129584825,,,,서울특별시,영등포구
하나의원,"서울특별시 영등포구 도신로33가길 4, 1층 (도림동)",,2,0,,126.90751894381,37.5103548796906,,,,서울특별시,영등포구
동대문메이퓨어의원,"서울특별시 중구 장충단로 253, 헬로우APM 10층 4,5호 (을지로6가)",,2,0,,127.008078935255,37.567487097159,,,,서울특별시,중구
클렌피부과의원,"서울특별시 송파구 양재대로 1222 (방이동, 올림픽프라자상가 326,327호)",,2,0,,127.131063164753,37.5157276361757,,,,서울특별시,송파구
박상춘안과의원,서울특별시 강서구 화곡로 190 (화곡동),,2,,,126.842606796173,37.542535397598,,,,서울특별시,강서구
(스카이메디)연세건강증진내과의원,"서울특별시 송파구 송파대로 371, 2층,3층,4층 (석촌동)",,1,2,,127.110750931193,37.5007800420051,,,,서울특별시,송파구
세란의원,"서울특별시 강남구 삼성로 651, 2층 203호 (삼성동, 래미안 라클래시)",,2,0,,127.050036535644,37.5183513056476,,,,서울특별시,강남구
코코메디의원,"서울특별시 동대문구 장한로 166, 2층 (장안동)",,2,,,127.072248281547,37.5751354375999,,,,서울특별시,동대문구
강북제일의원,"서울특별시 은평구 역말로 101, 토마스빌딩 2,3층 (역촌동)",,1,15,,126.920160287993,37.6084440907806,,,,서울특별시,은평구
이화내과의원,"서울특별시 서초구 서초대로 307, 3층 (서초동, 장안빌딩)",,2,,,127.015132071979,37.4944061815038,,,,서울특별시,서초구
김영내과의원,서울특별시 강서구 강서로 38 (화곡동),,2,,,126.847319577024,37.531249806941,,,,서울특별시,강서구
골드만비뇨기과의원,서울특별시 중구 세종대로 23 (봉래동1가),,1,3,,126.973844589811,37.5590909738298,,,,서울특별시,중구
수내과의원,"서울특별시 서대문구 증가로 150, DMC2차아이파크상가 B206, B207호 (남가좌동)",,2,0,,126.92143101709772,37.57815702863944,,,,서울특별시,서대문구
유(U)스타일9의원,"서울특별시 강남구 강남대로 406, GLASS TOWER 301호 (역삼동)",,2,,,127.027622767131,37.4989401291583,,,,서울특별시,강남구
엘앤에스비뇨기과의원,"서울특별시 강북구 도봉로 217, 5,6,7층 (미아동, 25메디컬빌딩)",,1,2,,127.0251126558,37.6280566256,,,,서울특별시,강북구
준가정의학과의원,서울특별시 강서구 등촌로 147 (등촌동),,2,0,,126.862405130693,37.5428771879604,,,,서울특별시,강서구
엘유라인업의원,서울특별시 강서구 강서로 27 (화곡동),,2,,,126.84727867535258,37.53030645664556,,,,서울특별시,강서구
미르성형외과의원,"서울특별시 강서구 강서로 43, 302, 303호 (화곡동, 도양라비앙타워)",,2,,,126.846531702129,37.5315215185769,,,,서울특별시,강서구
코앤유의원,"서울특별시 관악구 남부순환로 1715, 3층 (봉천동)",,2,,,126.940887969037,37.4830375021915,,,,서울특별시,관악구
글로벌서울성형외과의원,"서울특별시 강남구 언주로 846, 글로벌메디컬빌딩 7층 (신사동)",,1,2,,127.033726746181,37.525954523882,,,,서울특별시,강남구
연세이비인후과의원,"서울특별시 중구 퇴계로 438-1, 3층 (신당동)",,2,,,127.020335215801,37.5654435149501,,,,서울특별시,중구
삼성푸른의원,"서울특별시 중구 다산로42길 80, 1층 (신당동)",,2,0,,127.020565062769,37.5636552679039,,,,서울특별시,중구
연세탑뷰티의원,"서울 서초구 동작대로 118 , 예다인프라자빌딩 5층 502호  (방배동)",,2,,,126.982744496134,37.4870042036257,,,,서울특별시,서초구
서초준안과의원,"서울특별시 서초구 방배로 108, 3층 (방배동)",,2,0,,126.996444097861,37.4838342212021,,,,서울특별시,서초구
이강원이비인후과의원,"서울특별시 영등포구 영신로 238, 301호 (영등포동8가, 미소프라자)",,2,,,126.9042128084,37.5285507,,,,서울특별시,영등포구
연세지움피부과의원,"서울특별시 마포구 서강로 144, 9층 902호 (노고산동)",,2,,,126.936628263039,37.5544863727946,,,,서울특별시,마포구
중앙내과의원,"서울특별시 강서구 방화동로 102, 102호 (방화동)",,2,0,,126.812998823052,37.5694621054707,,,,서울특별시,강서구
예롬성형외과의원,"서울특별시 강남구 논현로175길 7, 4층 (신사동)",,2,0,,127.02790329082764,37.526156245974285,,,,서울특별시,강남구
휘마의원,서울특별시 강남구 강남대로118길 42,,2,,,127.026683898828,37.5071698601107,,,,서울특별시,강남구
대치엘비뇨기과의원,서울특별시 강남구 남부순환로 2941,,2,,,127.061934331534,37.4942633335042,,,,서울특별시,강남구
지에스안과의원,"서울특별시 강남구 강남대로 390, 미진프라자 8,15,16층 (역삼동)",,1,10,,127.028578846319,37.4978399531903,,,,서울특별시,강남구
김재유내과의원,"서울특별시 강남구 개포로 615, 305호 (개포동)",,2,,,127.07558248914,37.4926580850327,,,,서울특별시,강남구
정의원,"서울특별시 성북구 동소문로 43, 지상2층 (동소문동4가)",,2,0,,127.010147934769,37.5906277076958,,,,서울특별시,성북구
아름다운미탐의원,"서울특별시 중구 퇴계로 123, 8층 810호 (충무로2가, 하이헤리엇)",,2,0,,126.985364301804,37.5612658980395,,,,서울특별시,중구
로하스에스오티의원,"서울특별시 서초구 서운로 39, 2층 (서초동)",,2,0,,127.0284983183,37.4873957672,,,,서울특별시,서초구
서초오라클피부과의원,"서울특별시 서초구 서초중앙로 36, 6층 (서초동, 준영빌딩)",,2,,,127.016208730523,37.48556823488,,,,서울특별시,서초구
박재균이비인후과의원,"서울특별시 양천구 등촌로 224, (목동)",,2,,,126.86404437345,37.5495569263704,,,,서울특별시,양천구
열린이비인후과의원,"서울특별시 양천구 중앙로 275, 4층 (신정동,조흥은행)",,2,,,126.85222784657652,37.520780918493195,,,,서울특별시,양천구
김병후정신건강의학과의원,"서울특별시 서초구 반포대로 287, 407,408-1호 (반포동, 래미안퍼스티지중심상가)",,2,0,,127.001088324244,37.5043279449175,,,,서울특별시,서초구
안내과의원,"서울특별시 중구 퇴계로 61, 금오빌딩 5층 (남창동)",,2,0,,126.978916169827,37.5593685043943,,,,서울특별시,중구
안장훈내과의원,"서울특별시 관악구 성현로 80, 213호 (봉천동, 드림타운 주상가)",,2,,,126.952985510916,37.4898474387668,,,,서울특별시,관악구
명동하나이비인후과의원,"서울특별시 중구 남대문로 68, 3층 (명동2가, 고려빌딩)",,1,2,,126.98226380533,37.5631099932315,,,,서울특별시,중구
우리이비인후과의원,"서울특별시 영등포구 대림로 157, 2층 (대림동)",,2,0,,126.89946162017,37.4948720878104,,,,서울특별시,영등포구
신대방성모내과의원,"서울특별시 관악구 난곡로 367 (신림동, 경신빌딩)",,2,,,126.913354117853,37.4867009567317,,,,서울특별시,관악구
동안피부과의원,"서울특별시 구로구 새말로 89, 태영빌딩 4층 (구로동)",,2,,,126.889834342021,37.5056097068416,,,,서울특별시,구로구
정비뇨기과의원,"서울특별시 구로구 경인로 211-1, (오류동)",,1,0,,126.844358057597,37.496525424891,,,,서울특별시,구로구
대신의원,"서울특별시 강서구 양천로 461, 3층 (가양동)",,2,,,126.852223862157,37.5630457825024,,,,서울특별시,강서구
제민정형외과의원,"서울특별시 광진구 광나루로 355, 지하1.4층 &#40;군자동&#41;",,2,0,,127.069340761342,37.5483783057086,,,,서울특별시,광진구
드림성모안과의원,서울특별시 은평구 은평로 136 (응암동),,2,0,,126.923039015434,37.6002632124439,,,,서울특별시,은평구
민현조내과의원,"서울특별시 노원구 동일로 1101, 5층 (공릉동, 하니빌딩)",,2,0,,127.071009933961,37.6282542576144,,,,서울특별시,노원구
강서성모내과의원,"서울특별시 강서구 양천로 658, 302호 (염창동, 양화진빌딩)",,2,,,126.86991587864,37.5523079799238,,,,서울특별시,강서구
진산부인과의원,"서울특별시 강동구 천호대로 1006, 101동 604,605호 (성내동, 브라운스톤)",,2,,,127.123788971242,37.5380513979559,,,,서울특별시,강동구
라일락산부인과의원,"서울특별시 광진구 아차산로 375, 2층 214호 (구의동, 크레신타워)",,2,0,,127.084368022992,37.5370799042659,,,,서울특별시,광진구
박상내과의원,"서울특별시 광진구 뚝섬로 587, 2층 (자양동)",,2,,,127.075408022106,37.533480702088,,,,서울특별시,광진구
양의원,"서울특별시 송파구 올림픽로4길 40, 3층 33호 (잠실동, 우성아파트비상가)",,2,0,,127.074204083657,37.5071938064643,,,,서울특별시,송파구
빛샘가정의학과의원,"서울특별시 송파구 중대로 80 (문정동, LG문정프라자 3층)",,2,0,,127.117842816756,37.4917620371568,,,,서울특별시,송파구
고정인정신건강의학과의원,"서울특별시 강남구 테헤란로 313, 211~212호 (역삼동, 성아하이츠 1차)",,2,,,127.045261212369,37.5038016513092,,,,서울특별시,강남구
연세인의원,"서울특별시 강남구 강남대로122길 50, 2층(논현동)",,2,,,127.027074158958,37.5089118642243,,,,서울특별시,강남구
티엘안과의원,"서울특별시 송파구 마천로5길 4 (오금동, 삼대양빌딩 5층 가호)",,2,0,,127.126738418257,37.5087196639741,,,,서울특별시,송파구
한피부과의원,"서울특별시 중구 명동길 26, 유네스코회관 3층 (명동2가)",,2,0,,126.983764788709,37.5634574532023,,,,서울특별시,중구
태능제일의원,서울특별시 중랑구 동일로 770 (중화동),,2,0,,127.08024352869398,37.599229301939005,,,,서울특별시,중랑구
카이로스의원,"서울특별시 강남구 테헤란로88길 10, 신안메트로칸 205호, 지하1층 110호 (대치동)",,2,,,127.059463197882,37.5068438170208,,,,서울특별시,강남구
삼성이비인후과의원,"서울 서초구 강남대로 375 , 서초현대타워아파트 4층  (서초동, 서초현대타워아파트)",,2,,,127.027852956171,37.4963476993282,,,,서울특별시,서초구
연세로뎀정신건강의학과의원,"서울 마포구 서강로 142 , 서일빌딩 3층  (노고산동)",,2,0,,126.936358546507,37.5543861268863,,,,서울특별시,마포구
강남연세신통의원,"서울특별시 강남구 선릉로 328, 2층 2호,3호 (대치동)",,2,0,,127.051899209649,37.4990331412977,,,,서울특별시,강남구
제일정형외과의원,"서울특별시 중구 다산로 172, 제일정형외과 1~3, 5,6층 (신당동)",,2,0,,127.013238811251,37.5587482269835,,,,서울특별시,중구
관악오라클피부과의원,"서울특별시 관악구 관악로 217, 5층 (봉천동, 동진빌딩)",,2,0,,126.954677353454,37.4843787109112,,,,서울특별시,관악구
서울가정의학과의원,"서울 서대문구 세검정로1길 95   (홍은동, 홍은벽산아파트)",,2,,,126.94569176914,37.5959199688468,,,,서울특별시,서대문구
손홍주내과의원,"서울특별시 관악구 난곡로 295, 2~3층 (신림동)",,2,0,,126.9145221116,37.4803620423,,,,서울특별시,관악구
신창최정형외과의원,서울특별시 도봉구 덕릉로 258 (창동),,1,24,,127.039988789748,37.640299618227,,,,서울특별시,도봉구
조이비인후과의원,"서울특별시 구로구 구로동로 135, 남부빌딩 3층 (구로동)",,1,1,,126.88370977403,37.4906411011165,,,,서울특별시,구로구
봉봉성형외과의원,"서울특별시 강남구 논현로 657, 1~4층 (논현동, 그린빌딩)",,1,4,,127.031096936027,37.5125537247845,,,,서울특별시,강남구
박앤김내과의원,"서울특별시 성북구 장위로 127-1, 한양빌딩 5층 (장위동)",,2,0,,127.050861791245,37.6136719083634,,,,서울특별시,성북구
이내과의원,서울특별시 양천구 월정로 57,,2,,,126.84143477284175,37.52472333143247,,,,서울특별시,양천구
우리봄소아청소년과의원,"서울특별시 성북구 월계로40길 7, 2층 208호 (장위동, 센트럴타운)",,2,,,127.048397229405,37.6229473543321,,,,서울특별시,성북구
고운숨결내과의원,"서울특별시 성북구 고려대로13길 8, 3,4층 (안암동2가)",,2,0,,127.023677137625,37.5869966613958,,,,서울특별시,성북구
최강식내과의원,"서울특별시 성북구 동소문로 92, 5,6층 (동소문동5가)",,2,0,,127.01549221016,37.5921675534937,,,,서울특별시,성북구
요셉이비인후과의원,서울특별시 광진구 아차산로 220,,2,,,127.067657144585,37.5406341134418,,,,서울특별시,광진구
김종서성형외과의원,"서울특별시 강남구 논현로 842, 압구정빌딩, 2층일부 (신사동)",,2,0,,127.028730922791,37.5240379714226,,,,서울특별시,강남구
아델산부인과의원,서울특별시 강남구 논현로 64,,2,,,127.046877547541,37.4758989780329,,,,서울특별시,강남구
서울탑정신건강의학과의원,"서울특별시 관악구 관악로 168 (봉천동, 대우슈페리움2단지)",,2,0,,126.952984762396,37.4802159296703,,,,서울특별시,관악구
송신경정신과의원,"서울특별시 종로구 인사동5길 25, 하나로빌딩 401호 (인사동)",,2,0,,126.98539321087273,37.572096723033496,,,,서울특별시,종로구
종로세브란스의원,"서울특별시 종로구 종로41길 4, 2층 (종로6가)",,2,0,,127.006875511622,37.5714985855189,,,,서울특별시,종로구
산소의원,"서울특별시 종로구 수표로 105, 3층 (종로2가, 육의전빌딩)",,2,0,,126.989152966372,37.5705989139519,,,,서울특별시,종로구
박우형안과의원,"서울특별시 서초구 사임당로 151, 3층 311,312호 (서초동, 대한무지개종합상가)",,2,,,127.025692827371,37.4920676848724,,,,서울특별시,서초구
대방연세재활의학과의원,"서울특별시 동작구 여의대방로 250, 4-9호 (대방동, 대림아파트(상가동))",,2,0,,126.924517791265,37.5087434455459,,,,서울특별시,동작구
김문성이비인후과의원,"서울특별시 서대문구 증가로 122, 202호 (남가좌동)",,2,,,126.924277064509,37.5773686267038,,,,서울특별시,서대문구
이용진창문외과의원,서울특별시 서대문구 통일로 451 (홍제동),,1,6,,126.943849906806,37.5886701766902,,,,서울특별시,서대문구
유의원,"서울특별시 서초구 서초대로78길 26, 3층 (서초동)",,2,,,127.027726616132,37.4953622078841,,,,서울특별시,서초구
한솔정형외과의원,"서울특별시 구로구 개봉로 13, 1-2층 (개봉동)",,1,21,,126.856086277292,37.4867890597467,,,,서울특별시,구로구
최석용정형외과의원,"서울특별시 구로구 경인로59길 8, 301,302,318호 (신도림동)",,2,0,,126.883427027522,37.5063918465946,,,,서울특별시,구로구
닥터맘소아청소년과의원,서울특별시 강북구 삼양로27길 35-21 (미아동),,2,0,,127.018934343303,37.6179766319717,,,,서울특별시,강북구
아비쥬의원,"서울특별시 노원구 동일로 1417, 삼양빌딩 2(201호), 5층 (상계동)",,2,0,,127.059980216361,37.6550688080345,,,,서울특별시,노원구
서울정가정의학과의원,"서울특별시 노원구 덕릉로73길 18, 4층 (중계동)",,2,0,,127.072435497752,37.6521796648241,,,,서울특별시,노원구
안용태내과의원,"서울 구로구 경인로59길 8 , 태영프라자 307호  (신도림동)",,2,,,126.883427027522,37.5063918465946,,,,서울특별시,구로구
서피부과의원,서울특별시 마포구 양화로 128 (서교동),,2,,,126.920999483231,37.5543499095967,,,,서울특별시,마포구
남산의원,"서울특별시 마포구 대흥로 169-0, 201호 (대흥동, 베스텔)",,2,,,126.945685016981,37.5540914740486,,,,서울특별시,마포구
다사랑산부인과의원,서울특별시 강동구 천호대로 1124 (성내동),,2,,,127.136192062668,37.5343360769717,,,,서울특별시,강동구
힐링산부인과의원,"서울특별시 노원구 노해로 485, 7층 (상계동, 금정빌딩)",,2,0,,127.06192277535,37.6548752644222,,,,서울특별시,노원구
이강보산부인과,서울특별시 도봉구 도봉로 465 (쌍문동),,2,0,,127.0335324047501,37.64746602957419,,,,서울특별시,도봉구
다사랑신경외과의원,"서울특별시 도봉구 도봉로 677, 우리들메디빌딩 2층 203호 (방학동)",,1,29,,127.042318316334,37.6649297808959,,,,서울특별시,도봉구
가족건강의원,서울특별시 도봉구 해등로 218 (쌍문동),,2,0,,127.032521026155,37.6581564278861,,,,서울특별시,도봉구
김안과의원,"서울특별시 금천구 시흥대로 224, 금천리메인시티 503,504,505,508호 (시흥동)",,2,0,,126.901396188424,37.4539384154465,,,,서울특별시,금천구
미래비뇨기과의원,"서울특별시 노원구 동일로203가길 29, 296-297호(중계동,브라운스톤)",,2,,,127.06428375943,37.6398759609875,,,,서울특별시,노원구
상계성모정형외과의원,"서울특별시 노원구 동일로 1643 (상계동, 상계성모정형외과의원)",,2,0,,127.054962545973,37.6751950180364,,,,서울특별시,노원구
더멘토성형외과의원,"서울특별시 강남구 학동로 337, H타워 2,3층 (논현동)",,1,1,,127.039928031242,37.5170718563031,,,,서울특별시,강남구
위드소아청소년과의원,"서울특별시 강동구 올림픽로 783, 2층 (암사동)",,2,0,,127.127611666932,37.5511436157073,,,,서울특별시,강동구
오세기산부인과내과의원,"서울특별시 송파구 오금로 111, 705호 (방이동, 세기빌딩)",,2,0,,127.108249353562,37.512600208515,,,,서울특별시,송파구
나도균한의원,"서울특별시 강남구 학동로 338  (논현동, 강남파라곤)",,2,,,127.04016223452,37.5165402749359,,,,서울특별시,강남구
서울산부인과의원,서울특별시 강서구 금낭화로 91-2 (방화동),,2,0,,126.8110767201639,37.57370722738506,,,,서울특별시,강서구
신안과의원,서울특별시 강서구 가로공원로76길 91 (화곡동),,2,,,126.838983943062,37.5332263428651,,,,서울특별시,강서구
구로의원,서울특별시 구로구 구로동로 128 (구로동),,2,0,,126.88428281385201,37.49008519449278,,,,서울특별시,구로구
본베스트정형외과의원,"서울특별시 강서구 공항대로 627, 대신빌딩 3층 (염창동)",,2,,,126.874538741651,37.5472872158845,,,,서울특별시,강서구
최이비인후과의원,"서울특별시 도봉구 도봉로 575, 308호 (쌍문동, 삼환프라자)",,2,0,,127.038790046328,37.6564054566286,,,,서울특별시,도봉구
다나이비인후과의원,"서울특별시 마포구 큰우물로 53, 302호 (염리동)",,1,1,,126.94462959649,37.5422914154608,,,,서울특별시,마포구
푸른이비인후과의원,"서울특별시 마포구 독막로 2, 2층 (합정동)",,2,,,126.913639782796,37.5484943057246,,,,서울특별시,마포구
채움마취통증의학과의원,"서울특별시 강동구 천호대로 1116, 3층 (성내동)",,1,3,,127.135156170058,37.5346033324204,,,,서울특별시,강동구
천호에스정형외과의원,"서울특별시 강동구 천호대로 1015, 6층 (천호동, 성보빌딩)",,1,2,,127.125107663778,37.5385041121306,,,,서울특별시,강동구
시원한이비인후과의원,"서울특별시 노원구 동일로204가길 34, 305호 (중계동, 씨앤미빌딩)",,2,,,127.068172151465,37.6407495352012,,,,서울특별시,노원구
장대국내과의원,"서울특별시 노원구 노해로 452, 노빌리안골드 (상계동)",,2,,,127.058425653348,37.6535043114989,,,,서울특별시,노원구
조은내과의원,"서울특별시 강남구 개포로 504, 메트하임 401,402,501호 (개포동)",,2,0,,127.067186912363,37.4890546234463,,,,서울특별시,강남구
고우석제이엠오피부과의원,"서울특별시 강남구 도산대로 104, 1st Avenue 지하1층 (논현동)",,2,0,,127.020341155484,37.5160774603566,,,,서울특별시,강남구
시너지성형외과의원,"서울 강남구 도산대로 157 , 신웅타워2 6~7층  (신사동)",,2,0,,127.025642795762,37.5190318997662,,,,서울특별시,강남구
닥터티제이의원,"서울특별시 강남구 삼성로 212- , 2층 (대치동, 은마아파트)",,2,0,,127.06356721063614,37.49527722342668,,,,서울특별시,강남구
닥터웰니스의원,"서울특별시 강남구 선릉로 660, 208호 (삼성동,브라운스톤레전드)",,2,,,127.042332457469,37.5155511161052,,,,서울특별시,강남구
리붐내과의원,"서울특별시 강남구 압구정로 130, 2층 (신사동)",,2,0,,127.022921489083,37.5241470917534,,,,서울특별시,강남구
선정형외과의원,"서울특별시 동대문구 고산자로 410, 2,3층 (용두동)",,1,29,,127.038769042278,37.5762685931865,,,,서울특별시,동대문구
메디서울이비인후과의원,"서울특별시 구로구 고척로 123-1, 2,3층 (개봉동)",,1,2,,126.84779803328,37.5022321898051,,,,서울특별시,구로구
삼성정형외과의원,"서울특별시 구로구 개봉로 66, 지하1층,1~2층일부 &#40;개봉동&#41;",,2,0,,126.856236802961,37.4915525068167,,,,서울특별시,구로구
수유정형외과의원,"서울특별시 강북구 덕릉로 75, 3층 (수유동, 석우빌딩)",,2,,,127.02205600542976,37.63482544338642,,,,서울특별시,강북구
한양재활의학과의원,서울특별시 강동구 양재대로 1365 (성내동),,2,,,127.135874866354,37.5280657478158,,,,서울특별시,강동구
세인트비뇨기과의원,"서울특별시 강남구 도산대로 110, 405호 (논현동, 케이비엘 센터)",,2,0,,127.021019329669,37.5162788961317,,,,서울특별시,강남구
하나정신과의원,"서울특별시 강남구 남부순환로 2941, 4층 (대치동)",,2,,,127.061934331534,37.4942633335042,,,,서울특별시,강남구
가람내과의원,"서울특별시 강동구 아리수로50길 50, 4층 11호 (고덕동, 래미안힐스테이트고덕)",,2,0,,127.148600236458,37.5576891371776,,,,서울특별시,강동구
라인업의원,"서울특별시 구로구 새말로 97, 신도림테크노마트 B1층 (구로동)",,2,,,126.890227293528,37.5070438414784,,,,서울특별시,구로구
정훈비뇨기과의원,서울특별시 강서구 공항대로41길 75 (등촌동),,2,,,126.846360147398,37.5611486390411,,,,서울특별시,강서구
동서가정의학과의원,"서울특별시 강서구 양천로57길 9-7, 6층 (가양동)",,2,,,126.851432217142,37.5634032951544,,,,서울특별시,강서구
연세진내과의원,서울특별시 강서구 양천로 606 (등촌동),,2,,,126.865202758265,37.555193002514,,,,서울특별시,강서구
이미지업성형외과의원,"서울특별시 서초구 나루터로 76, 이미지업빌딩 1,2층 (잠원동)",,1,2,,127.01809354562482,37.51545514239026,,,,서울특별시,서초구
강남코모키이비인후과의원,서울특별시 강남구 강남대로 378 준빌딩 4층 (역삼동),,1,2,,127.02863346709,37.4966553866955,,,,서울특별시,강남구
정내과의원,서울특별시 마포구 망원로 82  (망원동),,2,0,,126.905900464832,37.5574054760448,,,,서울특별시,마포구
한현언성형외과의원,서울특별시 동작구 시흥대로 676 (신대방동),,2,0,,126.909157592901,37.491701099129,1,7,1,서울특별시,동작구
문가정의학과의원,"서울특별시 노원구 한글비석로48길 6, 205호 (상계동, 한신2차상가)",,2,0,,127.067719058088,37.665212193322,,,,서울특별시,노원구
행복한피부과의원,"서울특별시 노원구 노해로 485, 5층 (상계동, 금정빌딩)",,2,0,,127.06192277535,37.6548752644222,,,,서울특별시,노원구
보스안과의원,"서울특별시 노원구 한글비석로 264, 302호, 303호(중계동)",,2,,,127.077337907538,37.6511587125973,,,,서울특별시,노원구
예랑마취통증의학과의원,"서울특별시 노원구 한글비석로 264, 307호 (중계동,그랜드프라자)",,2,,,127.07701949040415,37.65094664937018,,,,서울특별시,노원구
강미자산부인과의원,"서울특별시 동작구 상도로 81, 대방동크리닉센타 6층 (대방동)",,2,0,,126.929559239366,37.4999513063416,,,,서울특별시,동작구
제이미즈산부인과의원,"서울특별시 금천구 시흥대로 399, 시티렉스 408호 (독산동)",,2,0,,126.897001948519,37.4693591753013,,,,서울특별시,금천구
현대재활의학과의원,서울특별시 금천구 금하로 720 (시흥동),,2,0,,126.909481684032,37.4504425566682,,,,서울특별시,금천구
루쎄여성의원,"서울 강남구 강남대로 432 , 점프밀라노 7층  (역삼동)",,2,,,127.026630556235,37.5012350392984,,,,서울특별시,강남구
쿠키성형외과의원,"서울특별시 강남구 테헤란로 105, 9층 (역삼동)",,2,0,,127.028529843894,37.4986369952659,,,,서울특별시,강남구
노블앤코의원,"서울특별시 강남구 강남대로 422, 10층(역삼동, 롯데시네마시티점)",,2,,,127.026984908497,37.5003941401087,,,,서울특별시,강남구
김주영이비인후과의원,서울특별시 강북구 도봉로 353-1 (수유동),,2,,,127.026533120813,37.6392225903467,,,,서울특별시,강북구
닥터포유의원,"서울특별시 강북구 도봉로 191 (미아동, 상아빌딩)",,2,,,127.026050410216,37.6257694478007,,,,서울특별시,강북구
연세필의원,서울특별시 구로구 경인로 31-28 (온수동),,2,,,126.825000082983,37.4914302668122,,,,서울특별시,구로구
연세필정신과의원,"서울특별시 관악구 남부순환로 2056, 2층 (남현동, 태림빌딩)",,2,,,126.9772083533432,37.476303776864185,,,,서울특별시,관악구
열린이비인후과의원,"서울특별시 구로구 남부순환로97길 3, KS프리미어빌딩 402호 (개봉동)",,1,1,,126.85818199514291,37.49393075625778,,,,서울특별시,구로구
어반힐의원,"서울특별시 강남구 도산대로67길 7, 파크빌딩 2층 (청담동)",,2,0,,127.044387474036,37.5244894827177,,,,서울특별시,강남구
온트재활의학과의원,"서울특별시 서초구 강남대로53길 12, 솔라티움시티 강남 302~305,309호 (서초동)",,2,0,,127.027705111719,37.4943931800281,,,,서울특별시,서초구
열린산부인과의원,"서울특별시 성북구 정릉로36길 28-5, 열린산부인과 (정릉동)",,1,8,,127.016905036678,37.6024830784581,,,,서울특별시,성북구
해피아이리스의원,"서울특별시 송파구 오금로 543, 6층 (거여동)",,2,0,,127.149025326101,37.4930260696894,,,,서울특별시,송파구
유앤피부과의원,"서울특별시 송파구 백제고분로 276 (석촌동, 공익빌딩 2층 201-1호)",,2,,,127.09726064664673,37.50209150182258,,,,서울특별시,송파구
연세힐의원,서울특별시 송파구 마천로 68 (오금동),,2,,,127.127885759,37.507674704,,,,서울특별시,송파구
연세원의원,"서울특별시 송파구 백제고분로 512, 로가디스빌딩 3층 (방이동)",,2,,,127.115862606696,37.5156182854549,,,,서울특별시,송파구
삼성키즈소아청소년과의원,서울 성동구 독서당로 223   (옥수동),,2,,,127.015191933825,37.5442707521164,,,,서울특별시,성동구
연세더블유산부인과의원,"서울특별시 성동구 왕십리로 327, 4층 (하왕십리동)",,2,0,,127.033224444422,37.5623942326737,,,,서울특별시,성동구
이브성형외과의원,"서울특별시 강남구 봉은사로5길 4, 2,3,4층 (논현동)",,1,5,,127.02639749634,37.5054724307876,,,,서울특별시,강남구
연세와이비의원,"서울특별시 강남구 도산대로49길 17, 산딸기빌딩 2층 (신사동)",,2,0,,127.037021252789,37.524062693803,,,,서울특별시,강남구
센터맨남성의원,"서울특별시 성동구 고산자로 255, 8층 (도선동, 케이 타워)",,2,0,,127.035699072815,37.5625820889316,,,,서울특별시,성동구
노태영내과의원,서울특별시 광진구 긴고랑로 115 (중곡동),,2,,,127.087932298738,37.5593024137751,,,,서울특별시,광진구
백기훈신경과의원,서울특별시 양천구 오목로 232,,2,,,126.863206293208,37.5257642505039,,,,서울특별시,양천구
수이비인후과의원,"서울특별시 강남구 테헤란로 328, 동우빌딩 401,402호 (역삼동)",,2,0,,127.04768218276682,37.50371784794226,,,,서울특별시,강남구
담소유병원,"서울특별시 강남구 학동로 234, 담소유빌딩 (논현동)",,1,30,,127.03461432013,37.5148604879121,,,,서울특별시,강남구
대치오라클피부과의원,"서울특별시 강남구 선릉로 319, 2층 (역삼동)",,2,,,127.051760330195,37.4980396626336,,,,서울특별시,강남구
센텀메디의원,"서울특별시 강남구 선릉로63길 9, 백림빌딩 2층 (역삼동)",,2,,,127.05144014643,37.4971636638659,,,,서울특별시,강남구
세진피부과의원,"서울특별시 강남구 언주로172길 30, 3,4 층 (신사동)",,2,0,,127.03622367424,37.5272539303485,,,,서울특별시,강남구
세진성형외과의원,"서울특별시 강남구 언주로172길 30, 5층 (신사동)",,2,0,,127.03622367424,37.5272539303485,,,,서울특별시,강남구
백운규안과의원,"서울특별시 송파구 올림픽로35길 112, 1동 306호 (신천동, 장미아파트비상가)",,2,,,127.101917258808,37.5178866228576,,,,서울특별시,송파구
박이비인후과의원,서울 동대문구 전농로 147   (전농동),,2,,,127.057268822936,37.5779860214922,,,,서울특별시,동대문구
드림성형외과의원,"서울특별시 강남구 논현로 848, 2층,5층,6층,7층,10층일부 (신사동)",,1,7,,127.0288370151,37.5245744023832,,,,서울특별시,강남구
로빈의원,"서울특별시 강남구 테헤란로64길 20, 302호 (대치동)",,2,0,,127.051264642306,37.5036212499537,,,,서울특별시,강남구
국민체력센터의원,"서울특별시 송파구 올림픽로 424, 국민체력센터의원 (방이동)",,2,0,,127.11551787662698,37.5203396980951,,,,서울특별시,송파구
최내과의원,"서울특별시 강남구 남부순환로359길 4, 2층 (도곡동)",,2,,,127.037229911154,37.485453738126,,,,서울특별시,강남구
김문수의원,"서울특별시 마포구 독막로 268, 305호 (대흥동, 태영아파트종합상가)",,2,,,126.942886599534,37.5456782525152,,,,서울특별시,마포구
연세태산내과의원,"서울특별시 강서구 수명로 68-11, 3층 301~303호 (내발산동, 발산타워)",,2,0,,126.826550185758,37.5522964793753,,,,서울특별시,강서구
설레임의원,"서울특별시 강남구 강남대로 376, 4층 (역삼동, 강남8258빌딩)",,2,,,127.028772413762,37.4965660631811,,,,서울특별시,강남구
강남삼성드림이비인후과의원,"서울특별시 강남구 강남대로 372 (역삼동, FINE TOWER)",,1,9,,127.029070411585,37.4960350270018,,,,서울특별시,강남구
이태원제일의원,"서울특별시 용산구 회나무로 23 (이태원동, 제일의원)",,2,0,,126.989201170951,37.5393451096727,,,,서울특별시,용산구
새천년연세의원,"서울특별시 서대문구 홍연길 87, 2층 (연희동)",,2,,,126.931228062773,37.5768701260661,,,,서울특별시,서대문구
합정고려의원,"서울특별시 마포구 망원로 69, 2층 (망원동)",,2,,,126.90456553807,37.5574153066539,,,,서울특별시,마포구
베스트본의원한의원,"서울특별시 마포구 월드컵북로 19, 대상빌딩 5,6층 (서교동)",,1,13,,126.919696961326,37.5563809603233,,,,서울특별시,마포구
탑클래스성형외과의원,"서울특별시 강남구 강남대로 416, 창림빌딩 5층 (역삼동)",,2,,,127.027157607819,37.4997988058128,,,,서울특별시,강남구
도브의원,"서울특별시 강남구 도산대로 174, 8층 (논현동, 정안빌딩)",,2,0,,127.027659615605,37.5191214549019,,,,서울특별시,강남구
목동미소가인피부과의원,"서울특별시 양천구 오목로 345, 목동 슬로우스퀘어 5층 (목동)",,2,0,,126.875820730078,37.5247775349288,,,,서울특별시,양천구
큐오필앤결의원,"서울특별시 강남구 강남대로 468, 충림빌딩 8층 (역삼동)",,2,0,,127.025145513654,37.5041557043851,,,,서울특별시,강남구
눈피부과의원,"서울특별시 강남구 도산대로27길 33, 201호 (신사동)",,2,,,127.027229149732,37.5220964864574,,,,서울특별시,강남구
뉴헤어모발성형외과의원,"서울특별시 강남구 테헤란로 115 (역삼동, 서림빌딩 15층)",,2,0,,127.029905723263,37.4990612091283,,,,서울특별시,강남구
이인수정신건강의학과의원,서울특별시 강남구 압구정로73길 8,,2,,,127.046515550868,37.5265789887299,,,,서울특별시,강남구
리즈산부인과의원,"서울특별시 강남구 도산대로 127 (신사동, 경서빌딩 3층, 4층일부)",,2,0,,127.022327330675,37.5176251157761,,,,서울특별시,강남구
장석하정신건강의학과의원,"서울특별시 강동구 올림픽로 787, 2층 202호 (암사동, 태성프라자)",,2,,,127.127723369224,37.5515454300024,,,,서울특별시,강동구
연세선경의원,"서울특별시 동대문구 사가정로 148, 3층 (전농동, SK아파트상가)",,2,0,,127.061567688813,37.5766590358858,,,,서울특별시,동대문구
다온소아청소년과의원,"서울특별시 강동구 아리수로 427, 504호 (강일동)",,2,,,127.174603355856,37.5649623335076,,,,서울특별시,강동구
연세위더스여성의원,"서울특별시 마포구 양화로 178, 11층 (동교동, 목화빌딩)",,2,,,126.925213220295,37.5575046128363,,,,서울특별시,마포구
정정형외과의원,"서울특별시 서대문구 통일로 433, 5층 (홍제동)",,2,0,,126.945087101126,37.5875917300777,,,,서울특별시,서대문구
이쁜여성의원,"서울특별시 강남구 강남대로 596, 극동빌딩 401호 (논현동)",,2,0,,127.02030931418668,37.515034914424106,,,,서울특별시,강남구
열린정형외과의원,"서울특별시 서대문구 증가로 124, 2층 (남가좌동)",,2,0,,126.92387416403845,37.57747837895665,,,,서울특별시,서대문구
김현영산부인과의원,"서울특별시 강서구 강서로 43, 402,403호 (화곡동, 도양라비앙타워)",,2,,,126.846531702129,37.5315215185769,,,,서울특별시,강서구
도현의원,"서울특별시 강서구 강서로 380, 3층 (등촌동, 세민빌딩)",,2,0,,126.83887821316,37.5594884014712,,,,서울특별시,강서구
아름다운나라피부과의원,"서울특별시 강남구 강남대로 390 (역삼동, 1201호 일부)",,2,0,,127.028578846319,37.4978399531903,,,,서울특별시,강남구
라르떼의원,"서울특별시 강서구 강서로 161, 4,5층 (화곡동)",,2,,,126.840558418071,37.5411333083482,,,,서울특별시,강서구
박기호내과의원,"서울특별시 강서구 강서로 267, 3층 G030호 (내발산동, 송화쇼핑센터)",,2,,,126.835941270275,37.5496000614643,,,,서울특별시,강서구
발산연세이비인후과의원,"서울특별시 강서구 강서로 360, 203호 (내발산동, 솔레드림)",,2,,,126.838393605308,37.5576945764491,,,,서울특별시,강서구
삼성마취통증의학과의원,"서울 강서구 강서로 43 , 도양라비앙타워 401호  (화곡동)",,2,,,126.846531702129,37.5315215185769,,,,서울특별시,강서구
이상각이비인후과의원,서울특별시 은평구 통일로 833  (대조동),,2,,,126.92199478671763,37.61769687311635,,,,서울특별시,은평구
고려정형외과의원,"서울특별시 중랑구 동일로 905, 4층 5층 (묵동)",,1,29,,127.0772952912,37.6111164065523,,,,서울특별시,중랑구
라르떼의원,"서울특별시 강남구 테헤란로 401, 8층 1호 (삼성동, 남경빌딩)",,2,0,,127.049145898783,37.5049703247826,,,,서울특별시,강남구
비비라인맆팅의원,"서울 서초구 강남대로 463 , 지하2층  (서초동)",,2,0,,127.024446802561,37.5034475706091,,,,서울특별시,서초구
비알피부과의원,"서울특별시 강남구 논현로 857, A857 4층 일부 (신사동)",,2,0,,127.028099944398,37.5253452973989,,,,서울특별시,강남구
밸런스정형외과의원,"서울특별시 강서구 양천로 510, 현대프린스텔 2층 201,213,214호 (등촌동)",,2,,,126.856339450696,37.5601170390069,,,,서울특별시,강서구
우리가정의학과의원,서울특별시 마포구 월드컵로25길 58 (망원동),,2,,,126.904280437588,37.5579535116605,,,,서울특별시,마포구
금천하나의원,"서울특별시 금천구 시흥대로 403, 5,6층 (독산동, 셈프레팜)",,2,0,,126.897489343069,37.4698086627095,,,,서울특별시,금천구
지인내과의원,"서울특별시 종로구 율곡로 202-7, 제일빌딩 A,B동 3층 (연건동)",,2,,,127.001415728576,37.5756642567309,,,,서울특별시,종로구
나루이비인후과의원,"서울특별시 강서구 마곡중앙5로 6, 마곡나루역보타닉푸르지오시티 2층 232호 (마곡동)",,2,0,,126.827554917518,37.5673140391214,,,,서울특별시,강서구
마이디피부과의원,"서울특별시 은평구 연서로 146 (대조동, 3층)",,2,,,126.917712097114,37.6118256229728,,,,서울특별시,은평구
자애내과외과의원,"서울특별시 강북구 도봉로 393 (수유동, 자애의원)",,2,,,127.029533511325,37.6420131276641,,,,서울특별시,강북구
보아스이비인후과의원,"서울특별시 중랑구 겸재로 181, 2층 (면목동)",,2,0,,127.087781697905,37.588655215938,,,,서울특별시,중랑구
코아이비인후과의원,"서울특별시 강서구 양천로57길 9-7, 2층 (가양동)",,1,1,,126.851432217142,37.5634032951544,,,,서울특별시,강서구
권이비인후과의원,"서울특별시 중랑구 망우로 203, 201호 (중화동, 동양엔파트상가)",,2,0,,127.075008982696,37.5939956436071,,,,서울특별시,중랑구
포에버의원,"서울특별시 강서구 양천로 476, 금부빌딩 4층 406호 (등촌동)",,2,0,,126.85327195846601,37.561600180512706,,,,서울특별시,강서구
서전성모안과의원,"서울특별시 관악구 은천로 110, 202호 (봉천동, 더블유에스타워)",,2,0,,126.947348941536,37.4866845060437,,,,서울특별시,관악구
영재소아청소년과의원,"서울특별시 마포구 창전로 45, 103동 110호 (창전동, 서강한화오벨리스크)",,2,,,126.93224977364073,37.54701557860176,,,,서울특별시,마포구
노인화산부인과의원,"서울특별시 강남구 테헤란로 339, 6층 (역삼동)",,2,0,,127.048597161488,37.5048110738687,,,,서울특별시,강남구
상쾌한이비인후과의원,"서울특별시 강서구 화곡로 176-4, 3층 (화곡동)",,1,4,,126.841148635684,37.54165776434,,,,서울특별시,강서구
강북삼성의원,"서울특별시 강북구 삼양로77가길 9, 3층 (수유동)",,2,0,,127.017036799373,37.6295503718109,,,,서울특별시,강북구
연세가정의학과의원,"서울특별시 송파구 새말로 134, 2층 (문정동)",,2,0,,127.129120127993,37.483099497403,,,,서울특별시,송파구
연세이비인후과의원,"서울특별시 성북구 동소문로 12, (동소문동2가)",,2,,,127.00758339677,37.5888360967395,,,,서울특별시,성북구
생생마취통증의학과의원,"서울특별시 중랑구 겸재로 178, 2층 (면목동)",,2,,,127.087205459165,37.588132346722,,,,서울특별시,중랑구
하이의원,"서울특별시 강서구 화곡로 157, 202호 (화곡동)",,2,0,,126.839107538296,37.5415777854068,,,,서울특별시,강서구
현대중앙의원,"서울특별시 강서구 양천로 128, 2층 201호 (방화동, 한림리첸빌)",,2,0,,126.818164008437,37.5731356881546,,,,서울특별시,강서구
종로연세의원,"서울특별시 종로구 종로 272, 동대문종합시장 신관 7층 (종로6가)",,2,0,,127.008091407146,37.5708187075358,,,,서울특별시,종로구
김형준가정의학과의원,"서울특별시 광진구 자양로 160, 2층 (구의동)",,2,0,,127.084235613044,37.5418814269068,,,,서울특별시,광진구
주영식이비인후과의원,"서울특별시 강북구 도봉로 345 (수유동, 현치과)",,2,,,127.025892553917,37.6386649329489,,,,서울특별시,강북구
웰비뇨기과의원,"서울특별시 강동구 양재대로 1620, 3층 (명일동)",,2,,,127.14410100908,37.5500468701064,,,,서울특별시,강동구
유니메디성형외과의원,서울특별시 강남구 논현로 833  (신사동),,2,,,127.027894925038,37.5228295670581,,,,서울특별시,강남구
로앤산부인과의원,"서울특별시 광진구 아차산로 241, 7층 (화양동, 연한빌딩)",,2,,,127.070150304742,37.5405050771385,,,,서울특별시,광진구
대치연세안과의원,"서울특별시 강남구 도곡로 408, 디마크 빌딩 407호 504호 (대치동)",,1,2,,127.055233195315,37.4966225187716,,,,서울특별시,강남구
제이제이비뇨기과의원,"서울특별시 강남구 강남대로 238, 스카이쏠라빌딩 (도곡동)",,2,,,127.034757121285,37.4849665053325,,,,서울특별시,강남구
제이미성형외과의원,"서울특별시 강남구 압구정로 136, 3층 (신사동, 엔와이빌딩)",,2,,,127.023784859069,37.5244779493164,,,,서울특별시,강남구
연세오케이마취통증의학과의원,"서울특별시 강남구 선릉로 517, 비젼빌딩 2, 3층 (역삼동)",,2,,,127.048144226677,37.5057199231179,,,,서울특별시,강남구
아이온소아청소년과의원,"서울특별시 구로구 경인로 661, 신도림1차푸르지오 211,212호 (신도림동)",,2,,,126.887986372819,37.5096619486431,,,,서울특별시,구로구
장홍석정신건강의학과의원,"서울특별시 강남구 선릉로 510, 402호(삼성동, 오성빌딩)",,2,,,127.048949353738,37.5051706998603,,,,서울특별시,강남구
올리브피부과의원,"서울특별시 강남구 선릉로 225, 도곡렉슬상가 3층 306호 (도곡동)",,2,,,127.052720025644,37.4953648706654,,,,서울특별시,강남구
강상용내과의원,"서울특별시 강서구 강서로 52, 화곡판타지아 2층 201~203호 (화곡동)",,2,0,,126.846690598628,37.5324910211764,,,,서울특별시,강서구
성요한의원,"서울특별시 동대문구 망우로 19, 2층 (휘경동)",,2,,,127.055465821895,37.5881303552149,,,,서울특별시,동대문구
수운내과의원,"서울특별시 동대문구 제기로 75-1, 1층 (청량리동)",,2,,,127.0415747092,37.58685152,,,,서울특별시,동대문구
성모본내과의원,"서울특별시 강서구 공항대로 627, 5층 (염창동, 대신빌딩)",,2,,,126.874538741651,37.5472872158845,,,,서울특별시,강서구
유진미의원,서울특별시 서대문구 수색로 56,,2,,,126.912313925866,37.5708392186912,,,,서울특별시,서대문구
서대문연세이비인후과의원,"서울특별시 서대문구 통일로 131, 공화당빌딩 5층 (충정로2가)",,2,0,,126.965860900154,37.5661512162168,,,,서울특별시,서대문구
서울성모내과의원,"서울특별시 서대문구 연희로 85, 3층 (연희동, 인사이드빌딩)",,2,,,126.92991411550476,37.56598543064168,,,,서울특별시,서대문구
참다나의원,"서울특별시 서대문구 연희로 139-6, 2,3,4층 (연희동)",,1,29,,126.933029332947,37.5702370474981,,,,서울특별시,서대문구
오라(AURA)성형외과의원,"서울특별시 강남구 학동로 337, H타워 4층 (논현동)",,2,0,,127.039928031242,37.5170718563031,,,,서울특별시,강남구
예진성형외과의원,"서울특별시 강남구 논현로168길 37, 1,2층 (신사동)",,2,0,,127.031320872522,37.5233351617635,,,,서울특별시,강남구
예정홀릭성형외과의원,"서울특별시 강남구 강남대로 402, 4층 (역삼동)",,2,,,127.0277984674551,37.498768452064354,,,,서울특별시,강남구
수지정형외과의원,"서울특별시 은평구 응암로 215, 명남더블레스아파트2차 3층 (응암동, 명남더블레스아파트2차)",,2,0,,126.91705406261114,37.5912229367393,,,,서울특별시,은평구
서울내과의원,"서울특별시 강남구 역삼로77길 23, 4,5층 (대치동)",,2,,,127.055935727133,37.503967639381,,,,서울특별시,강남구
예인소아청소년과의원,"서울특별시 영등포구 국회대로37길 25, 302호 (당산동4가)",,2,,,126.90057382024108,37.529049544394816,,,,서울특별시,영등포구
뉴맨남성의원,"서울특별시 강동구 올림픽로 667, 대동피렌체리버 3층 301~303호 (천호동)",,2,,,127.123951125424,37.5411360700303,,,,서울특별시,강동구
비더뉴의원,"서울특별시 강남구 논현로155길 9, 비더뉴 성형 빌딩 4층,5층 (신사동)",,1,1,,127.02729167889,37.521709491344,,,,서울특별시,강남구
청담비엘에스의원,"서울특별시 강남구 선릉로 830, 공신진흥빌딩 5층 (청담동)",,2,0,,127.04044210149,37.52601143092,,,,서울특별시,강남구
동신비뇨기과의원,"서울특별시 서대문구 연희로 276, 2층 (홍은동)",,1,2,,126.936563883149,37.5816970350637,,1,,서울특별시,서대문구
김민경병리과의원,"서울특별시 강남구 삼성로 709, 4층 (청담동)",,2,0,,127.049528556494,37.5194245244032,,,,서울특별시,강남구
노규식공부두뇌연구원,서울특별시 강남구 도곡로 409  (대치동),,2,,,127.055167024731,37.4973692137569,,,,서울특별시,강남구
브랜뉴의원,"서울특별시 강남구 압구정로 437, 청담동일신빌딩 4층 (청담동)",,2,0,,127.04514362306,37.5269483913019,,,,서울특별시,강남구
비에스의원,"서울특별시 강남구 논현로159길 14, 4층 (신사동)",,2,0,,127.026997058822,37.5231421533009,,,,서울특별시,강남구
더화이트의원,"서울특별시 강서구 강서로 242, 306호 (화곡동, 강서힐스테이트)",,2,,,126.836797010994,37.5471644988463,,,,서울특별시,강서구
스카이정형외과의원,"서울특별시 강서구 방화동로 37, 201, 601호 (방화동, 메디스타워)",,2,0,,126.810682079138,37.5641822785808,,,,서울특별시,강서구
시원항외과의원,"서울특별시 강서구 강서로 43, 7층 (화곡동, 도양라비앙타워)",,1,8,,126.846531702129,37.5315215185769,,,,서울특별시,강서구
에스탑의원,"서울특별시 강서구 화곡로 153, 4층 (화곡동)",,1,1,,126.83876719347482,37.54146469635114,,,,서울특별시,강서구
연세나눔의원,"서울 강서구 공항대로 164 , 5층 504호  (마곡동)",,1,3,,126.825514827621,37.5593259702511,,,,서울특별시,강서구
우리재활의학과의원,"서울특별시 강서구 양천로 72, 5층 (방화동, 해성빌딩)",,2,,,126.811777075121,37.5732116324409,,,,서울특별시,강서구
이선우성형외과의원,"서울특별시 종로구 종로 132, 3층 (종로3가)",,1,3,,126.99237290538762,37.57010730845644,,,,서울특별시,종로구
삼성드림의원,"서울특별시 용산구 이촌로 103, 2층 (한강로3가)",,2,,,126.959602392189,37.5240601455987,,,,서울특별시,용산구
장안과의원,서울특별시 서대문구 수색로 38 (남가좌동),,2,,,126.914480442523,37.5698083576987,,,,서울특별시,서대문구
정원의원,"서울특별시 강동구 고덕로62길 29, 201, 202호 (명일동, 명일삼환아파트)",,2,,,127.153548420662,37.5536016508145,,,,서울특별시,강동구
이지소아청소년과의원,"서울특별시 강남구 헌릉로570길 34, 리엔파크프라자 2층 201호 (세곡동)",,2,0,,127.103468343169,37.4631480963128,,,,서울특별시,강남구
삼성윤내과의원,"서울 강남구 광평로 295 , 한신사이룩스 서관 211호  (수서동)",,2,,,127.104470715166,37.4885591040326,,,,서울특별시,강남구
노마취통증의학과의원,"서울특별시 동작구 상도로 94, 수진세인트빌딩 4층 (상도동)",,2,,,126.931152504462,37.4997629442808,,,,서울특별시,동작구
연세미다인의원,"서울특별시 강남구 압구정로30길 23, 3층 304호 (신사동)",,2,0,,127.029494234094,37.5258914152554,,,,서울특별시,강남구
에비타흉부외과의원,"서울특별시 강남구 논현로 815 (신사동, Burda Moon 빌딩)",,1,2,,127.02780535379097,37.5213674409739,,,,서울특별시,강남구
윤헤어라인의원,"서울특별시 강남구 강남대로 590, 9층 (논현동, 미혜빌딩)",,2,0,,127.020399442204,37.5145367338573,,,,서울특별시,강남구
유재욱재활의학과의원,"서울특별시 강남구 강남대로 248, 목원빌딩, 6층일부 (도곡동)",,2,,,127.03400808112889,37.485749259020956,,,,서울특별시,강남구
유스피부과의원,"서울특별시 강남구 도산대로 427, 1층 (청담동)",,2,0,,127.042558928333,37.523948653363,,,,서울특별시,강남구
성모소아청소년과의원,"서울특별시 도봉구 도봉로180나길 34, 2층 (도봉동)",,2,,,127.049566885158,37.6837686884789,,,,서울특별시,도봉구
제일가정의학과의원,"서울특별시 강서구 가로공원로76길 94, 2층 (화곡동)",,2,0,,126.838700603144,37.5330339530834,,,,서울특별시,강서구
지오성형외과의원,"서울특별시 강남구 압구정로30길 51, I.S.A 빌딩 6층 (신사동)",,2,,,127.029366308026,37.5239285235536,,,,서울특별시,강남구
전혜원소아청소년과의원,"서울특별시 강남구 선릉로130길 20, 201호 (삼성동, 래미안삼성2차아파트)",,2,,,127.043343754852,37.5156660777991,,,,서울특별시,강남구
강남서울밝은안과의원,"서울특별시 강남구 강남대로 390, 18층 (역삼동, 미진프라자)",,2,0,,127.028578846319,37.4978399531903,,,,서울특별시,강남구
휴림내과의원,"서울특별시 은평구 통일로 856, 3층 3010호 (불광동, 메트로타워)",,2,0,,126.921522873651,37.6196226675938,,,,서울특별시,은평구
지앤선소아청소년과의원,"서울특별시 은평구 진관2로 15-46, 705,706호 (진관동, 메트로프라자)",,2,0,,126.919081540985,37.6386515578411,,,,서울특별시,은평구
삼성톡스앤필의원,"서울 강남구 테헤란로 513 , K타워 15층  (삼성동)",,2,0,,127.058887185824,37.5080031582356,,,,서울특별시,강남구
코원성형외과의원,"서울특별시 강남구 도산대로 110, 케이비엘 센터 2층 (논현동)",,1,1,,127.021019329669,37.5162788961317,,,,서울특별시,강남구
전마취통증의학과의원,"서울특별시 구로구 개봉로20길 6, 201-1,201-2,202호 (개봉동, 현대아파트1단지)",,2,,,126.859308079005,37.4928802334449,,,,서울특별시,구로구
미래아이내과의원,"서울특별시 서대문구 수색로 100, 상가동 1층 105,106호 (북가좌동, DMC래미안이편한세상)",,2,,,126.907916083955,37.5747334832097,,,,서울특별시,서대문구
연앤네이쳐산부인과의원,"서울특별시 강남구 학동로 521, 2~4층 (청담동)",,1,7,,127.0557997663,37.5200456727,,,,서울특별시,강남구
건강드림내과의원,서울특별시 강북구 도봉로 40 (미아동),,2,,,127.030433727904,37.6125920819171,,,,서울특별시,강북구
굿모닝의원,"서울특별시 광진구 자양로9길 77, 4층 (자양동)",,2,0,,127.081211392678,37.5317750433685,,,,서울특별시,광진구
조성형외과의원,서울특별시 강남구 논현로 841,,2,,,127.027758806248,37.5239684663137,,,,서울특별시,강남구
첫눈성형외과의원,"서울특별시 강남구 강남대로 616, 신사미타워 1302호 (신사동)",,2,0,,127.01979818833,37.5168560197204,,,,서울특별시,강남구
양재내과의원,"서울특별시 강남구 강남대로 238, 스카이쏠라빌딩 6층 (도곡동)",,2,,,127.034757121285,37.4849665053325,,,,서울특별시,강남구
노바에스피부과의원,"서울특별시 강남구 강남대로 402, 5층 (역삼동, 시계탑빌딩)",,2,,,127.027830562268,37.4987767279505,,,,서울특별시,강남구
앤플러스의원,"서울 강남구 논현로 831 , 네오스빌딩 6층  (신사동)",,1,3,,127.027855578503,37.5225808095194,,,,서울특별시,강남구
지아인의원,"서울특별시 강남구 도곡로 419, 6층(대치동, 쇼핑넷빌딩)",,2,,,127.056315963553,37.497655371872,,,,서울특별시,강남구
노블라인의원,"서울특별시 강남구 압구정로 162 (신사동, 베네하임시티 B101,B102)",,2,0,,127.027465990023,37.5263096990298,,,,서울특별시,강남구
압구정연세의원,"서울특별시 강남구 논현로176길 24, 2층 (신사동)",,2,0,,127.030456228161,37.5274323350464,,,,서울특별시,강남구
노블와이성형외과의원,"서울특별시 강남구 논현로 823, B&S빌딩 5층 (신사동)",,2,,,127.02794277452,37.5219142271279,,,,서울특별시,강남구
양시영내과의원,서울특별시 도봉구 덕릉로 225 (창동),,2,,,127.037334355933,37.6382701188965,,,,서울특별시,도봉구
청담코지의원,"서울특별시 강남구 압구정로60길 26, 4층 (청담동, 힐사이드빌딩)",,2,0,,127.041493081045,37.5256252572544,,,,서울특별시,강남구
주앤의원,"서울특별시 강남구 선릉로155길 3, 2,3,4층 (신사동)",,2,0,,127.039245649004,37.5251446199786,,,,서울특별시,강남구
아크네마인드의원,"서울특별시 강남구 압구정로30길 17, 이소니프라자 2층 206호 (신사동)",,2,,,127.029553686621,37.5263301884169,,,,서울특별시,강남구
아이앤지성형외과의원,"서울특별시 강남구 강남대로 446, 한웰빌딩 7층일부 (역삼동)",,2,,,127.025947091441,37.502389199656,,,,서울특별시,강남구
더맑은신경정신과의원,"서울 강남구 논현로 507 , 성지하이츠3차빌딩 3층  (역삼동)",,2,,,127.036157208818,37.5015784938059,,,,서울특별시,강남구
상암정형외과의원,"서울특별시 마포구 월드컵북로 347, 301호 (상암동, 상암메디칼빌딩)",,2,0,,126.893216249483,37.576345413949,,,,서울특별시,마포구
날아라정형외과의원,"서울특별시 강남구 학동로 207, 4,5,6층 (논현동)",,1,23,,127.031608130481,37.5145660716687,,,,서울특별시,강남구
드림온비뇨의학과의원,"서울특별시 강동구 천호대로 1006, 601호 (성내동, 브라운스톤)",,1,1,,127.123788971242,37.5380513979559,,,,서울특별시,강동구
반포예원이비인후과의원,"서울 서초구 신반포로 100 , 래미안 퍼스티지 신반포역상가 2층  (반포동)",,2,,,126.995693596225,37.5030849342672,,,,서울특별시,서초구
365엠씨의원,"서울특별시 성북구 아리랑로 3, 5층 (동소문동6가, 기업은행)",,2,0,,127.016174486678,37.5930241251186,,,,서울특별시,성북구
더비단성형외과의원,"서울특별시 강남구 선릉로 843, 201호 (신사동)",,2,0,,127.040210268105,37.527215789349,,,,서울특별시,강남구
차앤박피부과의원,"서울특별시 광진구 아차산로 241, 4층 402호 (화양동)",,2,0,,127.070150304742,37.5405050771385,,,,서울특별시,광진구
성수성모내과의원,"서울특별시 성동구 뚝섬로 388, 2층 (성수동2가)",,2,,,127.053669957873,37.5390105790565,,,,서울특별시,성동구
상도사랑가정의학과의원,"서울특별시 동작구 양녕로 268, 2층 (상도1동)",,2,,,126.948856226166,37.5034996666046,,,,서울특별시,동작구
현산부인과의원,"서울특별시 서초구 방배로 127, 3층 (방배동)",,2,0,,126.994860973768,37.4852579365619,,,,서울특별시,서초구
유앤아이의원,"서울특별시 송파구 올림픽로 240, 롯데월드 웰빙센터동 3층 1호 (잠실동)",,2,0,,127.082765031389,37.5114261730629,,,,서울특별시,송파구
장윤주산부인과의원,"서울특별시 구로구 남부순환로97길 3, KS프리미어빌딩 701호 (개봉동)",,2,,,126.858255129585,37.49399577225,,,,서울특별시,구로구
닥터스피부과의원,"서울특별시 구로구 경인로67길 23, 305-1,2호 (신도림동, 신도림2차푸르지오)",,2,,,126.889481191271,37.5104826397728,,,,서울특별시,구로구
이진내과의원,"서울특별시 관악구 남부순환로 1912, 3층 (봉천동)",,2,0,,126.961646750481,37.4775118863287,,,,서울특별시,관악구
코넬플러스비뇨의학과의원,"서울특별시 서초구 서초대로 332, 2층 (서초동)",,2,0,,127.017907829453,37.4946855560133,,,,서울특별시,서초구
제중안과의원,서울특별시 종로구 자하문로2길 4 ,,2,,,126.972859321085,37.576377886406,,,,서울특별시,종로구
드림페이스의원,"서울특별시 마포구 양화로 196, 동성빌딩 2층 (동교동)",,2,,,126.926518078974,37.5583783180983,,,,서울특별시,마포구
타워비뇨기과의원,"서울특별시 종로구 종로 120, 5층 (종로3가)",,1,4,,126.99091787405,37.5700680162517,,,,서울특별시,종로구
라비앙성형외과의원,"서울특별시 강남구 선릉로 805, W빌딩 3, 4층 (신사동)",,2,0,,127.038982210697,37.5241263043193,,,,서울특별시,강남구
유진성형외과의원,"서울특별시 강남구 테헤란로8길 44 (역삼동, 알파베타 사옥 2층일부, 3층)",,2,,,127.03224691528,37.495998522778,,,,서울특별시,강남구
이종문신경과의원,서울특별시 성동구 독서당로 223,,2,,,127.015191933825,37.5442707521164,,,,서울특별시,성동구
고려가정의학과의원,서울특별시 노원구 광운로 57 (월계동),,2,0,,127.059560972668,37.6226384345807,,,,서울특별시,노원구
굳쎈정형외과의원,"서울특별시 노원구 동일로 1673, 상계빌딩 4,3,2층 302호, 202호 (상계동)",,1,21,,127.054942094267,37.6778972437903,,,,서울특별시,노원구
모아만의원,"서울특별시 강남구 도산대로 110, 케이비엘 센터 8층 (논현동)",,2,0,,127.021019329669,37.5162788961317,,,,서울특별시,강남구
혜담소아청소년과의원,"서울특별시 양천구 목동서로 67, 3층 (목동, 우성에펠타운)",,2,0,,126.878549519127,37.5363966169946,,,,서울특별시,양천구
김세진소아청소년과의원,서울 성북구 화랑로 76   (하월곡동),,2,,,127.040463515854,37.6018277386458,,,,서울특별시,성북구
서울듀크의원,"서울특별시 종로구 율곡로 47, 3층 (안국동, 걸스카웃회관)",,2,,,126.984586464645,37.5763368424522,,,,서울특별시,종로구
삼성이비인후과의원,"서울특별시 금천구 시흥대로 214, 비즈메드빌딩 503호 (시흥동)",,2,0,,126.901712234507,37.4530428916984,,,,서울특별시,금천구
라임의원,"서울특별시 강동구 고덕로 391, 7층 (고덕동)",,2,0,,127.168978454847,37.5572260091644,,,,서울특별시,강동구
강동서울삼성내과의원,"서울특별시 강동구 풍성로 116, 2층 (성내동, 청구아파트상가)",,2,0,,127.124961187675,37.5318890337585,,,,서울특별시,강동구
산타클로스의원,"서울특별시 송파구 백제고분로 365, 태문빌딩 7층 (석촌동)",,2,,,127.106298010481,37.5052665438398,,,,서울특별시,송파구
가톨릭권정형외과의원,"서울특별시 영등포구 신길로 42, 3층 (신길동)",,1,29,,126.908618171148,37.4964707028524,,,,서울특별시,영등포구
이내과의원,"서울특별시 마포구 양화로 64, 3층 (서교동, 서교제일빌딩)",,2,0,,126.9158048087,37.550309669,,,,서울특별시,마포구
대명앰알씨티의원,"서울특별시 영등포구 양평로 99, 지하1,2-5층 (양평동4가)",,1,29,,126.89607164408,37.5364773083686,,,,서울특별시,영등포구
유앤이비인후과의원,"서울특별시 강남구 논현로 84, 이손빌딩 2층 (개포동)",,2,,,127.045294203892,37.4775312338944,,,,서울특별시,강남구
스마트정형외과의원,"서울특별시 강남구 테헤란로 139-1, 5층 (역삼동)",,2,0,,127.034471388344,37.5004396757708,,,,서울특별시,강남구
클린업피부과의원,"서울특별시 강남구 선릉로 832, 2층 (청담동, 소나무빌딩)",,2,0,,127.040414963913,37.5262458809486,,,,서울특별시,강남구
성모강내과의원,"서울특별시 강동구 성안로 163, 3층 (천호동, 대세빌딩)",,2,0,,127.13527207045,37.5377591322053,,,,서울특별시,강동구
탑비뇨기과의원,"서울특별시 강동구 천호대로 1015, 10층 (천호동)",,2,,,127.125107663778,37.5385041121306,,,,서울특별시,강동구
강북연세내과의원,"서울특별시 강북구 도봉로 260, 4층 (미아동, 운산빌딩)",,2,,,127.024422935028,37.6317067557155,,,,서울특별시,강북구
행복찾기정신과의원,"서울특별시 강북구 도봉로 52, 연이빌딩 2(M)층 (미아동)",,2,,,127.03052852605,37.613699372646,,,,서울특별시,강북구
본앤본정형외과의원,"서울특별시 강서구 공항대로43길 123, 3,4,5층 (등촌동)",,1,21,,126.851117430409,37.5625025336054,,,,서울특별시,강서구
에스원이비인후과의원,"서울특별시 강남구 강남대로 598, 보림빌딩 6층 (논현동)",,1,2,,127.02036308047335,37.51517456075629,,,,서울특별시,강남구
리뉴얼의원,"서울특별시 강남구 선릉로157길 18, 에스앤케이 스퀘어(S&K SQUARE) 4층, 5층 (신사동)",,2,,,127.038394241771,37.5262303371107,,,,서울특별시,강남구
강남미즈힐산부인과의원,"서울특별시 강남구 강남대로 242, 크리스탈빌딩 3층 (도곡동)",,2,0,,127.034082861809,37.4853735070328,,,,서울특별시,강남구
대학로메리힐산부인과의원,"서울특별시 종로구 대학로12길 4, 4층 (동숭동, 동덕빌딩 )",,2,,,127.002197716421,37.5825159439465,,,,서울특별시,종로구
서울이비인후과의원,"서울특별시 도봉구 덕릉로 239, 2층 (창동)",,2,,,127.038240549644,37.6392117182212,,,,서울특별시,도봉구
가슴편한내과의원,"서울특별시 강남구 봉은사로 327, 궁도빌딩 4층 (논현동)",,2,0,,127.042653360305,37.5101865123901,,,,서울특별시,강남구
청담한세성모안과의원,서울특별시 강남구 학동로 433 (청담동),,2,0,,127.048315042069,37.5187620689431,,,,서울특별시,강남구
에이치투오의원,"서울특별시 강남구 도산대로89길 8, LH빌딩 4~6층 (청담동)",,2,0,,127.0505996716,37.5251080455,,,,서울특별시,강남구
연세프렌즈소아청소년과의원,"서울 노원구 동일로 1392 , 한일빌딩 3층  (상계동)",,2,0,,127.061324512782,37.6530537904638,,,,서울특별시,노원구
유앤미의원,"서울특별시 서초구 강남대로 415, 14층 (서초동, 대동빌딩)",,2,0,,127.026339775243,37.4995604045649,,,,서울특별시,서초구
연세유내과의원,"서울특별시 마포구 도화길 32, 삼성아파트 201,210호 (도화동)",,2,0,,126.94959257016,37.540853210103,,,,서울특별시,마포구
피움의원,"서울특별시 서초구 서초중앙로 43, 3층 (서초동,로얄타워)",,2,,,127.015576900888,37.4855373251844,,,,서울특별시,서초구
디디소아청소년과의원,"서울특별시 서초구 서운로 216, 2층 201호 (서초동)",,2,0,,127.0218706432,37.5023787621337,,,,서울특별시,서초구
성모휴정신건강의학과의원,서울특별시 도봉구 도봉로 551 (쌍문동),,1,47,,127.037758938487,37.6544885008684,,,,서울특별시,도봉구
연세어울림이비인후과의원,"서울특별시 광진구 아차산로 241, 4층 401호 (화양동)",,1,1,,127.070150304742,37.5405050771385,,,,서울특별시,광진구
초이스최의원,"서울특별시 강동구 양재대로81길 64, 3,4층 (성내동)",,1,29,,127.130992455402,37.5240672132671,,,,서울특별시,강동구
밝은봄소아청소년과의원,"서울특별시 동작구 흑석한강로 27, 106동  B104호 (흑석동, 흑석한강푸르지오상가)",,2,,,126.966284444741,37.5040994188129,,,,서울특별시,동작구
마음안정신건강의학과의원,"서울특별시 강동구 올림픽로 651, 6층 (천호동)",,2,,,127.123313958545,37.5397559555383,,,,서울특별시,강동구
예스의원,"서울특별시 영등포구 당산로 142-1, 3층 (당산동3가, 클리닉빌딩)",,1,1,,126.89733801020084,37.52731225782822,,,,서울특별시,영등포구
봄빛내과의원,서울특별시 양천구 곰달래로 47 (신월동),,2,,,126.837894790687,37.5301745162122,,,,서울특별시,양천구
한여성의원,"서울특별시 중구 다산로 137, 2층 (신당동)",,2,,,127.011111120255,37.5561169034626,,,,서울특별시,중구
연세마이뷰의원,"서울특별시 동작구 사당로 301, 3층 (사당동)",,2,0,,126.980796622285,37.4853017183316,,,,서울특별시,동작구
맑은샘이비인후과의원,서울특별시 양천구 남부순환로 356,,1,2,,126.828353356767,37.5352437556767,,,,서울특별시,양천구
푸른성모이비인후과의원,"서울특별시 성동구 행당로 87, 404호 (행당동, 대림아파트 리빙프라자)",,2,,,127.028544269386,37.5572921201611,,,,서울특별시,성동구
삼성피부과산부인과,"서울특별시 동작구 상도로 356, 3,4층 (상도동)",,2,0,,126.952823875773,37.4967617926881,,,,서울특별시,동작구
삼성척척마취통증의학과의원,"서울특별시 관악구 관악로 220, 2층 (봉천동)",,2,0,,126.955381283408,37.4842211221627,,,,서울특별시,관악구
민도준류우마내과의원,"서울특별시 서초구 서초중앙로 125, 904,905호 (서초동, 로이어즈타워)",,2,0,,127.013418755214,37.4930094671548,,,,서울특별시,서초구
두리이비인후과의원,"서울특별시 금천구 시흥대로 403, 7층 (독산동)",,1,2,,126.897489343069,37.4698086627095,,,,서울특별시,금천구
한길정형외과의원,"서울특별시 구로구 신도림로19길 7, 성광빌딩 409,410,411호 (신도림동)",,2,0,,126.884470304555,37.5112029731186,,,,서울특별시,구로구
전영수내과의원,"서울특별시 금천구 남부순환로 1390, (독산동)",,2,,,126.905213073868,37.479839203517,,,,서울특별시,금천구
김승국소아과의원,"서울특별시 금천구 금하로 707, (시흥동)",,2,,,126.908729259558,37.4512558633473,,,,서울특별시,금천구
연세이비인후과의원,"서울특별시 노원구 동일로 1005, 2층 (공릉동, 대정빌딩)",,2,,,127.074514434411,37.6199276979518,,,,서울특별시,노원구
삼성서울가정의원,"서울특별시 동대문구 이문로54길 46, 2층 (이문동)",,2,,,127.064446861992,37.6054382486418,,,,서울특별시,동대문구
김수진내과의원,"서울특별시 동작구 보라매로5가길 16, 502호 (신대방동)",,2,,,126.924094714271,37.4912751024086,,,,서울특별시,동작구
강피부과의원,서울특별시 성북구 동소문로20가길 56  (동선동1가),,2,,,127.019168478371,37.5937423079466,,,,서울특별시,성북구
송파인내과의원,"서울특별시 송파구 동남로 189, 가락쌍용아파트 2층 224호 (가락동)",,2,,,127.12991947316269,37.4947106219458,,,,서울특별시,송파구
김인주연세가정의학과의원,서울특별시 서대문구 홍은중앙로 89 (홍은동),,2,0,,126.947351976886,37.5990276988425,,,,서울특별시,서대문구
루비의원,"서울특별시 중구 명동길 65, 보림빌딩 5층 (명동1가)",,2,0,,126.98591834303,37.5641952853184,,,,서울특별시,중구
리뉴미피부과의원,"서울특별시 중구 을지로 251, 을지회관 2층 203호 (을지로6가)",,2,0,,127.006251379421,37.5665548575457,,,,서울특별시,중구
강서연세내과의원,"서울특별시 강서구 양천로 72, 403호, 404호 (방화동, 해성빌딩)",,2,,,126.811777075121,37.5732116324409,,,,서울특별시,강서구
양재서울이비인후과의원,"서울특별시 서초구 남부순환로 2614, 308호, 309일부호 (양재동, 한솔로이젠트빌딩)",,2,,,127.0368793563926,37.48440774488567,,,,서울특별시,서초구
우리들의피부과의원,"서울 동대문구 고산자로 399 , 동양프라자 201호  (용두동)",,2,,,127.037769621436,37.5752762915537,,,,서울특별시,동대문구
참길이비인후과의원,서울특별시 마포구 마포대로 44,,2,,,126.947098319374,37.539973013511,,,,서울특별시,마포구
고운소아청소년과의원,"서울특별시 서초구 잠원로 24, 반포자이플라자 303호 (반포동)",,2,0,,127.009873208557,37.5071156980651,,,,서울특별시,서초구
유앤미의원,"서울특별시 강남구 학동로 411 (청담동, 원일빌딩)",,2,,,127.044713083924,37.5180972856452,,,,서울특별시,강남구
튼튼나무정형외과의원,"서울특별시 강동구 양재대로 1619, 2층 (천호동)",,2,,,127.143515495266,37.5499891084547,,,,서울특별시,강동구
연세안과의원,"서울특별시 동작구 서달로 150, 213호, 211호 (흑석동, 이랜드해가든)",,2,0,,126.962183786625,37.5066265781961,,,,서울특별시,동작구
평화의원,서울특별시 성동구 독서당로 302 (금호동4가),,2,,,127.02273086562,37.5476110768479,,,,서울특별시,성동구
금천연세마취통증의학과의원,"서울특별시 금천구 금하로 701, 2,3층 (시흥동)",,2,,,126.907969418473,37.451559906687,,,,서울특별시,금천구
킨더웰소아청소년과의원,"서울특별시 중구 다산로 168, 나동 3층 (신당동, 성원빌딩)",,2,,,127.013023379599,37.558442272308,,,,서울특별시,중구
라임비뇨기과의원,"서울특별시 중랑구 면목로 495, 4층 (상봉동)",,2,,,127.085325030592,37.5960451496247,,,,서울특별시,중랑구
박정수연세의원,"서울특별시 서초구 방배로 32, 205호 (방배동)",,2,0,,127.000373876917,37.4778399509735,,,,서울특별시,서초구
햇살정형외과의원,"서울특별시 영등포구 여의대방로 95, 601호 (신길동)",,2,,,126.91714794861,37.4976469496475,,,,서울특별시,영등포구
엔트리의원,"서울특별시 중랑구 동일로 786, 2층 (중화동)",,2,0,,127.07998501080421,37.600717823805006,,,,서울특별시,중랑구
강태욱피부과의원,"서울특별시 성동구 행당로 84, 302호 (행당동, 한진종합상가)",,2,0,,127.028745897371,37.556567759443,,,,서울특별시,성동구
김태화엔도내과의원,서울특별시 성동구 사근동길 6 (행당동),,2,,,127.042016095489,37.5601443455492,,,,서울특별시,성동구
림스내과의원,"서울특별시 영등포구 여의대방로 83, 2~3층 (신길동)",,2,,,126.915853024241,37.4971217388291,,,,서울특별시,영등포구
신길연세365의원,"서울특별시 영등포구 도신로 120, 신영빌딩 2~3층 (신길동)",,2,0,,126.905419023732,37.5082105383995,,,,서울특별시,영등포구
역삼이창훈이비인후과의원,서울특별시 강남구 논현로 503 (역삼동),,1,4,,127.036366846779,37.5012739795743,,,,서울특별시,강남구
더맑은가정의학과의원,"서울특별시 중구 을지로 158, 삼풍상가 (을지로4가)",,1,4,,126.995590487854,37.5659276672957,,,,서울특별시,중구
예일의원,"서울특별시 동작구 동작대로 89, 401호 (사당동, 골든시네마타워)",,2,0,,126.9816651481,37.4846154681,,,,서울특별시,동작구
365미소내과의원,"서울특별시 동작구 남부순환로 2055, 2층 (사당동)",,2,,,126.977094087349,37.4768743718646,,,,서울특별시,동작구
삼성화곡소아청소년과의원,"서울 강서구 강서로13길 3 , 밀성타워 4층  (화곡동)",,2,0,,126.846047920456,37.5322957492562,,,,서울특별시,강서구
가산안과의원,"서울특별시 금천구 가산디지털1로 168, 우림라이온스밸리 A동 1층 110호 (가산동)",,2,,,126.88263620024,37.479966429878,,,,서울특별시,금천구
시흥의원,서울특별시 금천구 시흥대로 240,,2,,,126.900701144093,37.4552836761891,,,,서울특별시,금천구
연세안과의원,서울특별시 금천구 금하로 762,,2,,,126.914331902321,37.4498863722075,,,,서울특별시,금천구
마디엔신경외과의원,"서울특별시 금천구 시흥대로153길 99, 2층 (가산동)",,2,0,,126.893360961324,37.4757851018003,,,,서울특별시,금천구
한사랑의원,"서울특별시 송파구 올림픽로 435 (신천동, 파크리오B상가 307호)",,2,,,127.104971745978,37.5213592954462,,,,서울특별시,송파구
김효철이상훈내과의원,"서울특별시 송파구 올림픽로 509 (풍납동, J빌딩 302호)",,2,0,,127.11839160464,37.5278698593939,,,,서울특별시,송파구
연세이안과의원,"서울특별시 송파구 동남로 207 (가락동, 유성빌딩 3층)",,2,0,,127.130903505914,37.4960694243582,,,,서울특별시,송파구
연세이너힐의원,"서울특별시 성북구 월계로40길 7, 센트럴타운 2,3층 202,205,301호 (장위동)",,1,3,,127.048397229405,37.6229473543321,,,,서울특별시,성북구
건강그린내과의원,서울특별시 은평구 연서로 216 (대조동),,2,0,,126.920120155706,37.6178000192821,,,,서울특별시,은평구
하나재활의학과의원,"서울특별시 강서구 가로공원로76길 88, 2층 (화곡동, 월정빌딩)",,2,0,,126.838561356922,37.5332832497493,,,,서울특별시,강서구
에코이비인후과의원,"서울특별시 동작구 상도로 356, 2층 (상도동)",,1,1,,126.95283802138934,37.49674585052743,,,,서울특별시,동작구
맑은머리신경과의원,"서울특별시 노원구 동일로 1417, 삼양빌딩 3층 (상계동)",,2,0,,127.059980216361,37.6550688080345,,,,서울특별시,노원구
서울비뇨기과의원,"서울특별시 노원구 노해로 492 (상계동, 프린스빌딩)",,2,0,,127.06267693457022,37.65445590936226,,,,서울특별시,노원구
정마취통증의학과의원,"서울특별시 강북구 도봉로 324, 2층 (번동)",,1,1,,127.024872687413,37.636791553989,,,,서울특별시,강북구
타워비뇨기과의원,"서울특별시 광진구 강변역로4길 10, 304,305,306호 (구의동, 강변역지너스타워 )",,1,3,,127.093405063055,37.5353492183772,,,,서울특별시,광진구
강북삼성내과의원,"서울특별시 은평구 은평로 200-1, 가동 201호 (응암동, 삼영빌딩)",,2,,,126.929999928224,37.6011336684453,,,,서울특별시,은평구
연세바른내과의원,"서울특별시 영등포구 경인로 775, 에이스하이테크시티 2동 103호 (문래동3가)",,2,,,126.897536835727,37.5147464245043,,,,서울특별시,영등포구
우리편한내과의원,"서울 강동구 상암로 104 , 중앙클레식하우스 A동 2층  (천호동, 중앙클레식하우스)",,2,0,,127.134117821981,37.5471484077264,,,,서울특별시,강동구
김수연이비인후과의원,"서울특별시 송파구 양재대로 1222, 중심상가동 3층 14호 (방이동, 올림픽선수기자촌@ )",,2,0,,127.131063164753,37.5157276361757,,,,서울특별시,송파구
김현영산부인과의원,"서울특별시 서초구 동작대로 120, 성산빌딩 504호 (방배동)",,2,0,,126.982708256783,37.4872512547438,,,,서울특별시,서초구
고은미인의원,"서울 관악구 남부순환로 1860 , 사랑의병원 2층  (봉천동)",,2,0,,126.956285774259,37.4796247835746,,,,서울특별시,관악구
닥터제이미의원,"서울특별시 관악구 신림로 340, 8층 (신림동)",,2,0,,126.930096548294,37.4847625375982,,,,서울특별시,관악구
연세수재활의학과의원,"서울특별시 양천구 목동동로 379, 303,304,305,306호 (목동, 광장상가)",,2,,,126.878713495139,37.5356098520363,,,,서울특별시,양천구
신앤정소아청소년과의원,"서울특별시 양천구 신정이펜2로 12, 3층 304호 (신정동, 이펜하우스타워 )",,2,0,,126.83282424606,37.5126074619051,,,,서울특별시,양천구
연세이비인후과의원,"서울특별시 송파구 오금로 412 (가락동, 2층)",,2,0,,127.135653118425,37.4973129503721,,,,서울특별시,송파구
시온뷰티의원,"서울 송파구 마천로 311 , 2층  (마천동)",,2,0,,127.150361806674,37.4954514166429,,,,서울특별시,송파구
아미산부인과의원,"서울특별시 송파구 백제고분로 204 (삼전동, 4층)",,2,,,127.089234537921,37.5037486871523,,,,서울특별시,송파구
아이엘의원,"서울특별시 강남구 학동로 208, 용문빌딩 2(일부)층 (논현동)",,2,0,,127.031988191374,37.5140499644185,,,,서울특별시,강남구
엠버여성의원,"서울특별시 송파구 송파대로 374, 3층 301호 &#40;송파동&#41;",,2,0,,127.110169891842,37.5014100277705,,,,서울특별시,송파구
연의원,"서울특별시 송파구 석촌호수로 61, 트리지움 4층 402호 (잠실동)",,2,0,,127.08614148883224,37.51082909623595,,,,서울특별시,송파구
두리이비인후과의원,"서울특별시 강서구 강서로 267, 5층 (내발산동, 송화플라자)",,1,3,,126.835941270275,37.5496000614643,,,,서울특별시,강서구
튼튼소아청소년과의원,"서울특별시 양천구 지양로 73, 2층 (신월동)",,2,,,126.833544622661,37.5219828695679,,,,서울특별시,양천구
삼성서울키즈소아청소년과의원,서울특별시 은평구 백련산로 84 (응암동),,2,,,126.92364241621,37.5930097247289,,,,서울특별시,은평구
베스트이화의원,"서울특별시 강남구 강남대로122길 47, 2층 (논현동)",,2,,,127.026695849559,37.5089689839277,,,,서울특별시,강남구
삼성키즈소아청소년과의원,"서울 송파구 올림픽로 145 , 리센츠상가 3층 A37  (잠실동)",,2,,,127.087041904838,37.5119804600106,,,,서울특별시,송파구
강남미의원,"서울특별시 강남구 테헤란로 128, 6층 (역삼동, 성곡빌딩)",,2,0,,127.032590806228,37.4991297862601,,,,서울특별시,강남구
홍제바른안과의원,"서울특별시 서대문구 통일로 413, 연세24시사우나 3층 301호 (홍제동)",,2,0,,126.946438736626,37.5861817569167,,,,서울특별시,서대문구
아이리움안과의원,"서울특별시 강남구 강남대로 388, 강남센타빌딩 6,7층 (역삼동)",,1,3,,127.028422526103,37.4974495848055,,,,서울특별시,강남구
보나성형외과의원,"서울특별시 강남구 논현로 831, 5층 502호 (신사동)",,1,3,,127.027855578503,37.5225808095194,,,,서울특별시,강남구
김미진내과의원,"서울특별시 강남구 역삼로 306, 4층 404~406호 (역삼동, 개나리래미안아파트)",,2,,,127.046959597261,37.4989772734253,,,,서울특별시,강남구
압구정본정형외과의원,"서울 강남구 압구정로36길 12 , 3층 301호  (신사동)",,2,0,,127.031346095845,37.5276527575761,,,,서울특별시,강남구
타워비뇨기과의원,"서울특별시 영등포구 여의대방로 375, 303,304호 (여의도동, 아일렉스타워)",,1,3,,126.930776116511,37.5188985287759,,,,서울특별시,영등포구
하얀나라피부과의원,"서울특별시 서대문구 통일로 131, 7층 (충정로2가, 공화당빌딩)",,2,,,126.965860900154,37.5661512162168,,,,서울특별시,서대문구
아미스킨의원,"서울특별시 중구 퇴계로 100, 스테이트타워 남산 지하1층 B107호 (회현동2가)",,2,0,,126.982926486564,37.5602069895052,,,,서울특별시,중구
브이맨비뇨기과의원,"서울 강남구 강남대로 390 , 405호  (역삼동)",,2,0,,127.028578846319,37.4978399531903,,,,서울특별시,강남구
뉴엘의원,"서울특별시 강남구 도산대로 134, 5층 (논현동)",,2,0,,127.023380583993,37.5173531693456,,,,서울특별시,강남구
타토아의원,"서울특별시 강남구 강남대로 624, 2층 (신사동, ICT타워)",,2,0,,127.019500864334,37.5175038906888,,,,서울특별시,강남구
키즈웰소아청소년과의원,"서울특별시 중랑구 동일로 932, 202동 210,211,302호 (묵동, 묵동자이아파트)",,2,0,,127.077557139207,37.6138393830212,,,,서울특별시,중랑구
이경태정형외과의원,"서울특별시 강남구 선릉로131길 8, 노벨빌딩 2층 (논현동)",,1,9,,127.0402976777204,37.51790580224564,,,,서울특별시,강남구
양재오라클피부과의원,"서울특별시 강남구 남부순환로 2609, 하늘빌딩 5층 (도곡동)",,2,0,,127.03513696419252,37.48495472492852,,,,서울특별시,강남구
비타민의원,"서울특별시 강남구 학동로 342 (논현동, SK허브 302호)",,2,,,127.040841265738,37.5167560126387,,,,서울특별시,강남구
에스듈의원,"서울특별시 강남구 선릉로86길 7 (대치동, 2층)",,2,,,127.05028610431274,37.503309517209,,,,서울특별시,강남구
연세송도외과의원,서울특별시 서대문구 통일로 433 (홍제동),,1,6,,126.945087101126,37.5875917300777,,,,서울특별시,서대문구
다나마취통증의학과의원,"서울특별시 강동구 상암로 44, 5층 (천호동)",,2,,,127.1282987378,37.5496457731598,,,,서울특별시,강동구
아름다운신경과의원,서울특별시 강동구 양재대로 1596 (명일동),,2,0,,127.143789655455,37.5480838851778,,,,서울특별시,강동구
아비쥬의원,"서울특별시 강동구 올림픽로 659 (천호동, 쌍용플래티넘리버)",,2,0,,127.123564698301,37.5403046724091,,,,서울특별시,강동구
조이소아청소년과의원,"서울특별시 강동구 풍성로38길 9, 4층 (성내동)",,2,,,127.12559371975,37.5316068000518,,,,서울특별시,강동구
대가연마취통증의학과의원,"서울특별시 송파구 중대로 193, 2,3,6,7층 (가락동, 주식회사홈캐스트)",,1,29,,127.125785072289,37.4993475285985,,,,서울특별시,송파구
김앤방여성의원,"서울특별시 동작구 상도로37길 62, 3층 (상도동)",,2,0,,126.952101467965,37.4987447071542,,,,서울특별시,동작구
뉴연세의원,서울특별시 금천구 시흥대로 239 (시흥동),,2,0,,126.899947154118,37.455212941484,,,,서울특별시,금천구
센트럴서울안과의원,"서울특별시 용산구 이촌로 224 (이촌동, 리버뷰맨션)",,2,,,126.97187711918,37.5201457860245,,,,서울특별시,용산구
연한풀피부과의원,"서울 송파구 석촌호수로 61 , 트리지움상가 4층  (잠실동)",,2,,,127.0862137284,37.5107001999,,,,서울특별시,송파구
우비뇨기과의원,"서울특별시 송파구 오금로 508 (거여동, 3층)",,2,,,127.145041801116,37.4928621788522,,,,서울특별시,송파구
잠실비엘에스의원,"서울특별시 송파구 석촌호수로 61, 트리지움 306호,307호 (잠실동)",,2,0,,127.086211355223,37.5107020036631,,,,서울특별시,송파구
연세라미슈의원,"서울특별시 강남구 남부순환로 2609, 하늘빌딩 2층 (도곡동)",,2,0,,127.035096207425,37.4849629812617,,,,서울특별시,강남구
아이엠퀸여성의원,"서울특별시 서초구 강남대로 527, 브랜드칸 타워 9층 (반포동)",,2,0,,127.021849979814,37.5090878311164,,,,서울특별시,서초구
선릉김정신과의원,"서울특별시 강남구 테헤란로 410 (대치동, 금강타워 502호)",,2,,,127.050729430264,37.5045559137175,,,,서울특별시,강남구
연세고운가정의학과의원,"서울특별시 서대문구 독립문로14길 3, 서대문센트레빌 단지내상가 2층 202, 205호 (냉천동)",,2,,,126.963975289329,37.5668276642327,,,,서울특별시,서대문구
한빛내과의원,"서울특별시 영등포구 여의대방로 89, 2층 (신길동, 익녕빌딩)",,2,0,,126.916569895364,37.4973037099433,,,,서울특별시,영등포구
선우엔조신경과의원,"서울특별시 중구 퇴계로 320, 7층 (광희동2가)",,2,,,127.007461684698,37.5639131566548,,,,서울특별시,중구
참사랑의원,"서울특별시 노원구 누원로 18  (상계동, 수락리버시티4단지)",,2,,,127.05287273244,37.6862145785044,,,,서울특별시,노원구
이규호모아름의원,"서울특별시 강남구 강남대로 616 (신사동, 신사미타워 1001호)",,2,,,127.0197315114941,37.516873059851456,,,,서울특별시,강남구
권장덕케이성형외과의원,"서울특별시 강남구 논현로 857, 4층 (신사동, 계룡빌딩)",,2,0,,127.028099944398,37.5253452973989,,,,서울특별시,강남구
조한표내과의원,"서울특별시 강북구 한천로 1088, 2층 (수유동, 현진빌딩)",,2,,,127.022801081885,37.6431698629423,,,,서울특별시,강북구
리즈온위드연세슬림라인의원,"서울특별시 강남구 선릉로153길 12, 3층 (신사동)",,2,0,,127.038565318856,37.5249617604329,,,,서울특별시,강남구
우박산부인과의원,"서울특별시 강남구 남부순환로377길 3, 301호 (도곡동)",,2,,,127.045017219232,37.4865801710923,,,,서울특별시,강남구
상암우리내과의원,"서울특별시 마포구 월드컵북로 347, 402호 (상암동, 상암메디칼빌딩)",,2,,,126.893216249483,37.576345413949,,,,서울특별시,마포구
서호종의원,"서울특별시 성북구 화랑로 201, 지상1,2층 (장위동)",,2,0,,127.052234251146,37.6085900010364,,,,서울특별시,성북구
강북삼성의원,"서울특별시 성북구 화랑로40길 54, 지상3,4층 (석관동, 영원빌딩)",,2,,,127.064484472177,37.613453428334,,,,서울특별시,성북구
리엔장성형외과의원,"서울특별시 서초구 강남대로 403, 12,14~18층 (서초동)",,1,1,,127.026815711545,37.4984575559368,,,,서울특별시,서초구
씨앤씨정형외과의원,"서울특별시 서초구 방배로 95, 6층 (방배동, 서경빌딩)",,2,0,,126.996387507623,37.4826824600832,,,,서울특별시,서초구
성북성심신경과의원,"서울특별시 성북구 동소문로 181 (돈암동, 성북성심빌딩)",,1,28,,127.021443949614,37.5983885994911,,,,서울특별시,성북구
청담마디신경외과의원,"서울특별시 강남구 선릉로 669, 상경빌딩 7,8층 (논현동)",,2,0,,127.041258693516,37.5166119773031,,,,서울특별시,강남구
연세엘재활의학과의원,"서울특별시 강남구 삼성로 651, 5층 508,509,510호 (삼성동, 래미안 라클래시)",,2,0,,127.050036535644,37.5183513056476,,,,서울특별시,강남구
소천안과의원,서울특별시 은평구 통일로 801 (대조동),,2,,,126.92457941929507,37.61560831128567,,,,서울특별시,은평구
코코라인의원,"서울특별시 강남구 압구정로 156 (신사동, 카로시티2빌딩 503,504호)",,2,,,127.026766411038,37.5260287469955,,,,서울특별시,강남구
위드유의원,"서울특별시 강남구 남부순환로 2609, 하늘빌딩, 6층일부 (도곡동)",,2,0,,127.0351793780172,37.484983995079595,,,,서울특별시,강남구
아이랑소아청소년과의원,"서울특별시 관악구 난곡로 210, 2층 (신림동)",,2,,,126.918544974873,37.4737298508968,,,,서울특별시,관악구
채움마취통증의학과의원,"서울특별시 마포구 마포대로 44, 4층 (도화동, 진도빌딩)",,2,0,,126.947098319374,37.539973013511,,,,서울특별시,마포구
김앤조내과의원,"서울특별시 관악구 난곡로 217, 2,4층 (신림동)",,2,,,126.917484545337,37.4738513821693,,,,서울특별시,관악구
포에버의원,"서울특별시 서대문구 통일로 464, 홍제빌딩 2층 (홍제동)",,2,0,,126.943219061658,37.5899629791299,,,,서울특별시,서대문구
아비스가정의학과의원,"서울특별시 강남구 봉은사로 471, 204-1,204-2,205호 (삼성동)",,2,0,,127.051239538093,37.5127262745682,,,,서울특별시,강남구
이브산부인과의원,"서울특별시 마포구 서강로 144, 4층 5호 (노고산동)",,2,,,126.93660817652586,37.55448460507305,,,,서울특별시,마포구
연세마취통증의학과의원,"서울특별시 마포구 월드컵북로 24, 2층 (동교동)",,2,0,,126.919786367765,37.557015953841,,,,서울특별시,마포구
아비쥬의원,"서울특별시 마포구 양화로 162, 좋은사람들 빌딩 701호 (동교동)",,2,0,,126.923871361997,37.5564298566954,,,,서울특별시,마포구
연세봄이비인후과의원,"서울특별시 마포구 양화로 152, 4층 (동교동, 대화빌딩)",,1,1,,126.922891779053,37.5558241112217,,,,서울특별시,마포구
서울라헬여성의원,"서울특별시 마포구 마포대로 109, 2, 3층 (공덕동, 롯데캐슬프레지던트)",,2,0,,126.95014417083837,37.54470016065413,,,,서울특별시,마포구
강일성모내과의원,"서울특별시 강동구 아리수로93길 9 (강일동, 골드프라자 502)",,2,0,,127.174353860744,37.5652410196081,,,,서울특별시,강동구
길동미래로내과의원,서울특별시 강동구 천중로 237 (길동),,2,0,,127.146722637782,37.5408324645707,,,,서울특별시,강동구
네오의원,"서울특별시 금천구 시흥대로 403, 4층 (독산동,셈프레팜)",,2,,,126.897489343069,37.4698086627095,,,,서울특별시,금천구
성모정소아청소년과의원,"서울특별시 금천구 금하로 705, 2층 206호 (시흥동, 플라자 카멜리아)",,2,,,126.908361346757,37.4515708431855,,,,서울특별시,금천구
예지미의원,"서울특별시 강북구 도봉로 333, 10층 (수유동, 정우빌딩)",,2,,,127.02505251141817,37.637870175299476,,,,서울특별시,강북구
새하나의원,"서울특별시 서대문구 연희로 103, 4층 (연희동)",,1,29,,126.930907083597,37.567234248303,,,,서울특별시,서대문구
건이비인후과의원,"서울특별시 동작구 동작대로 25, 4층 (사당동, 사임당빌딩)",,1,2,,126.981343915956,37.4787457051365,,,,서울특별시,동작구
고운미의원,"서울특별시 동작구 동작대로 121, 2층 (사당동, 경원빌딩)",,2,0,,126.981860173505,37.4874798935188,,,,서울특별시,동작구
명소아청소년과의원,"서울특별시 동작구 장승배기로 34, 2층 (상도동)",,2,0,,126.941562079427,37.5011509657145,,,,서울특별시,동작구
고이비인후과의원,"서울특별시 동작구 여의대방로 250, 대림아파트(상가동) 4층 4-3호 (대방동)",,2,0,,126.92423679988372,37.50876519816578,,,,서울특별시,동작구
다미의원,"서울특별시 동작구 사당로 219, 3층 (사당동)",,2,,,126.972660477747,37.4841600698068,,,,서울특별시,동작구
미소앤유의원,"서울특별시 동작구 사당로 230-1, 4층 (사당동, 미래빌딩)",,2,,,126.973243297085,37.4833057767884,,,,서울특별시,동작구
밀려오네서울재활의학과의원,서울특별시 동작구 사당로 273 (사당동),,2,,,126.97782236345,37.4842194467414,,,,서울특별시,동작구
자이안피부과의원,"서울특별시 중랑구 동일로 932, 303호 (묵동)",,2,,,127.07751033625578,37.61359073045121,,,,서울특별시,중랑구
오에스티의원,"서울특별시 서대문구 연세로 29, 4층 (창천동)",,2,,,126.936708737412,37.5582223114286,,,,서울특별시,서대문구
미애로여성의원,"서울특별시 강북구 도봉로 332, 4층 (번동, 홍승빌딩)",,2,,,127.025581323205,37.6373516350258,,,,서울특별시,강북구
홀인원의원,"서울특별시 금천구 벚꽃로 298, 217호 (가산동, 대륭포스트타워6차)",,2,0,,126.883871693415,37.4814401689835,,,,서울특별시,금천구
케이씨에스서울김창수의원,"서울특별시 서대문구 신촌로 67, 4층 (창천동, 거촌빌딩)",,1,4,,126.934042205218,37.5565034611622,,,,서울특별시,서대문구
연세나무소아청소년과의원,"서울특별시 마포구 월드컵북로 502, 201호 (상암동, 월드컵파크프라자)",,2,,,126.879869563728,37.5850443805494,,,,서울특별시,마포구
내일내과의원,"서울특별시 강북구 솔샘로 254 (미아동, 삼양아케이트)",,2,,,127.020743950051,37.6193297017502,,,,서울특별시,강북구
연세조이의원,"서울특별시 동작구 상도로 81, 302호 (대방동)",,2,,,126.929559239366,37.4999513063416,,,,서울특별시,동작구
온마취통증의학과의원,"서울특별시 동작구 시흥대로 664, 2층 (신대방동, 충성빌딩)",,1,2,,126.908428005132,37.4906941108669,,,,서울특별시,동작구
이나영피부과의원,"서울특별시 서초구 서초대로 6, 미송타워 4층 (방배동)",,2,0,,126.98303991419714,37.485153575476616,,,,서울특별시,서초구
이수정안과의원,"서울특별시 동작구 동작대로29길 69, 3층 (사당동)",,2,,,126.9781318537537,37.488456758540785,,,,서울특별시,동작구
이지은산부인과의원,"서울특별시 동작구 동작대로 121, 6층 (사당동)",,2,0,,126.981860173505,37.4874798935188,,,,서울특별시,동작구
퀴앤코플러스이비인후과의원,"서울특별시 동작구 서달로 150  (흑석동, 이랜드해가든)",,1,1,,126.962183786625,37.5066265781961,,,,서울특별시,동작구
오이비인후과의원,"서울특별시 강북구 도봉로 65, 2층 (미아동)",,2,0,,127.029648629791,37.6149234098145,,,,서울특별시,강북구
김의원,서울특별시 중구 서소문로 103,,2,,,126.972668699367,37.563014908776,,,,서울특별시,중구
이준걸통증의원,서울특별시 중구 남대문시장길 17 (남대문로4가),,2,,,126.976941594183,37.5602646272498,,,,서울특별시,중구
성덕외과의원성덕경희한의원,"서울특별시 동대문구 한천로 60, 2, 4층 (장안동)",,2,0,,127.06255490315776,37.5669897593406,,,,서울특별시,동대문구
성모안과의원,"서울특별시 중구 다산로11길 3, 약수JK빌딩 2층 (신당동)",,2,,,127.010036189975,37.5544283498953,,,,서울특별시,중구
애플산부인과의원,"서울특별시 서초구 서초대로77길 3, 6층 (서초동, 아라타워)",,2,0,,127.026504807476,37.4980609129976,,,,서울특별시,서초구
조삼권내과의원,"서울특별시 양천구 지양로 78, 2층 (신월동, 우성상가)",,2,,,126.833571060858,37.5226595591182,,,,서울특별시,양천구
하늘마취통증의학과의원,"서울특별시 강남구 강남대로 240, 양재SK허브프리모 (도곡동)",,2,,,127.034429700831,37.4852596091178,,,,서울특별시,강남구
미소지인의원,"서울특별시 용산구 한강대로 283 (갈월동, 시티파크타워)",,2,0,,126.97195776476,37.5434381287458,,,,서울특별시,용산구
라엘르의원,"서울특별시 용산구 한강대로 286-2, 2층 (남영동)",,2,,,126.972626340035,37.5439084271196,,,,서울특별시,용산구
강동굿모닝이비인후과의원,"서울특별시 강동구 고덕로 133, 상가동 509호 (암사동, 롯데캐슬퍼스트)",,2,,,127.140347239304,37.5552528493133,,,,서울특별시,강동구
라르떼의원,"서울특별시 강동구 올림픽로 664 (천호동, 대우한강베네시티)",,1,1,,127.124975762766,37.540555377209,,,,서울특별시,강동구
강동하나이비인후과의원,"서울특별시 강동구 양재대로 1579, 2층 (천호동)",,1,2,,127.142841394568,37.5465618086041,,,,서울특별시,강동구
중앙성심의원,서울특별시 강동구 양재대로 1478 (길동),,2,0,,127.140227539906,37.5376937056369,,,,서울특별시,강동구
봄으로가는의원,"서울특별시 강동구 양재대로 1488, 3층 (길동)",,2,,,127.14057632813,37.5385752794508,,,,서울특별시,강동구
서울가정의학과의원,"서울 강동구 양재대로 1466 , 광동빌딩 301호  (길동)",,2,0,,127.139869723538,37.5367597031589,,,,서울특별시,강동구
서울소아청소년과의원,"서울특별시 강동구 명일로 172 (둔촌동, 둔촌푸르지오아파트)",,2,,,127.14530088073641,37.53450025749915,,,,서울특별시,강동구
서울수소아청소년과의원,"서울특별시 강동구 구천면로 424 (명일동, 명일메가타운)",,2,,,127.14572048138771,37.55028511965336,,,,서울특별시,강동구
수마취통증의학과의원,서울특별시 강동구 올림픽로 774 (암사동),,2,,,127.1278756943216,37.55014339797292,,,,서울특별시,강동구
에스유연세안과의원,"서울특별시 강동구 양재대로 1365, 심포니타워 4.6층 (성내동)",,2,,,127.13585730251447,37.52805009060769,,,,서울특별시,강동구
위드피부과의원,"서울특별시 강동구 고덕로 133 (암사동, 강동롯데캐슬퍼스트아파트)",,2,0,,127.140347239304,37.5552528493133,,,,서울특별시,강동구
유스타의원,"서울특별시 강동구 올림픽로 787, 2층 203호 (암사동, 태성프라자)",,2,,,127.127723369224,37.5515454300024,,,,서울특별시,강동구
하나의원,서울특별시 강동구 양재대로 1355 (성내동),,2,,,127.135616051172,37.5273952498819,,,,서울특별시,강동구
서울삼성내과의원,"서울특별시 구로구 구로동로 112-2, 서울삼성내과의원 2,3,4층 (구로동)",,2,0,,126.8848271823056,37.48866940715506,,,,서울특별시,구로구
연세내과의원,"서울특별시 동작구 동작대로29길 24, 3층 (사당동)",,2,0,,126.980664260663,37.488216007563,,,,서울특별시,동작구
행복한성모정형외과의원,"서울특별시 동대문구 사가정로 122, 201~2, 204호 (전농동)",,2,0,,127.058517800585,37.5772114550055,,,,서울특별시,동대문구
굿모닝플러스의원,서울특별시 관악구 난곡로 181 성수빌딩 (신림동),,2,0,,126.919603680139,37.4713097420544,,,,서울특별시,관악구
봄의약속안과의원,"서울 강동구 양재대로 1570 , 미래빌딩 5층  (명일동)",,2,,,127.143242072187,37.5456635684848,,,,서울특별시,강동구
서울플러스이비인후과의원,"서울특별시 서대문구 통일로 464, 4층 (홍제동)",,1,1,,126.943219061658,37.5899629791299,,,,서울특별시,서대문구
광보의원,서울특별시 동작구 만양로 87-1 (노량진동),,2,,,126.944293479722,37.5113243621542,,,,서울특별시,동작구
라마르의원,"서울특별시 동작구 동작대로 109, 5층 (사당동, 경문빌딩)",,2,0,,126.981662246873,37.4863082821086,,,,서울특별시,동작구
미즈여성의원,서울특별시 동작구 보라매로 113 (대방동),,2,,,126.927896614044,37.4994633095093,,,,서울특별시,동작구
기분좋은연세365의원,"서울 은평구 응암로 223 , 2~3층  (응암동)",,2,0,,126.917404688317,37.5919761415152,,,,서울특별시,은평구
삼성열린내과의원,"서울특별시 동작구 상도로 81, 2층 (대방동)",,2,,,126.929559239366,37.4999513063416,,,,서울특별시,동작구
서울치항외과의원,"서울특별시 동작구 등용로 2, 3층 (상도동, 덕신빌딩)",,1,6,,126.937875816673,37.504624263051,,,,서울특별시,동작구
연세이비인후과의원,"서울특별시 서초구 사임당로 180, 302호 (서초동, 보원빌딩)",,2,0,,127.029267185467,37.4925789859992,,,,서울특별시,서초구
김재면내과의원,서울특별시 노원구 동일로 1533,,2,,,127.057246351895,37.6653647809563,,,,서울특별시,노원구
365엠씨의원,"서울특별시 마포구 신촌로 92, 7,10층 (노고산동)",,2,0,,126.935680306816,37.5551779164582,,,,서울특별시,마포구
삼성안과의원,"서울특별시 마포구 월드컵로 75, 2층 (망원동)",,2,,,126.91015440036,37.5556322935424,,,,서울특별시,마포구
강남송도외과의원,"서울특별시 강남구 선릉로 669, 9층 (논현동, 상경빌딩)",,1,6,,127.041258693516,37.5166119773031,,,,서울특별시,강남구
강서하나이비인후과의원,"서울특별시 강서구 강서로 43, 203,202일부호 (화곡동, 도양라비앙타워)",,1,2,,126.846531702129,37.5315215185769,,,,서울특별시,강서구
스마일내과의원,"서울특별시 강북구 삼양로 433, 2,3층 (수유동)",,1,10,,127.016298558465,37.6421890477822,,,,서울특별시,강북구
송파서울이비인후과의원,"서울특별시 송파구 오금로 91 (방이동, 태원빌딩 2층)",,2,0,,127.10755250196521,37.51401190077781,,,,서울특별시,송파구
굿모닝소아청소년과의원,"서울특별시 노원구 동일로204가길 12, 홈플러스 지하2층 (중계동)",,2,0,,127.068668049616,37.6398580838556,,,,서울특별시,노원구
연세정형외과의원,"서울특별시 노원구 한글비석로 438 (상계동, 연세정형외과)",,1,24,,127.068886772168,37.6632220613736,,,,서울특별시,노원구
이관철이비인후과의원,서울특별시 노원구 석계로 2,,2,,,127.0648853460431,37.61510822862386,,,,서울특별시,노원구
퀸스메디산부인과의원,서울특별시 노원구 동일로 1059 (공릉동),,1,27,,127.072987056792,37.6245300844681,,,,서울특별시,노원구
한이비인후과의원,"서울특별시 종로구 지봉로 43, 5층 (창신동)",,1,1,,127.015435932974,37.5740609271284,,,,서울특별시,종로구
조은의원,서울특별시 구로구 신도림로 16,,1,0,,126.88219103785,37.5051228166042,,,,서울특별시,구로구
연세다나이비인후과의원,"서울 종로구 종로 19 , 르메이에르종로타운 322~323호  (종로1가)",,2,0,,126.979923668151,37.5708444878121,,,,서울특별시,종로구
군자건항외과의원,"서울특별시 광진구 천호대로 561, 5층 (중곡동)",,1,9,,127.080667685512,37.5571138531893,,,,서울특별시,광진구
서울숲삼성안과의원,"서울특별시 성동구 아차산로 41, 안동빌딩 6층 (성수동1가)",,2,0,,127.048975538142,37.5469652009623,,,,서울특별시,성동구
하나안과의원,"서울특별시 강북구 도봉로 34, 5층 (미아동, 트레지오빌딩)",,1,3,,127.03072164571,37.6120685327599,,,,서울특별시,강북구
서울봄내과의원,"서울특별시 양천구 목동서로 349, 301호 (신정동, 센트럴프라자)",,2,0,,126.86554799245414,37.51762848364884,,,,서울특별시,양천구
소문난여성의원,"서울특별시 강남구 강남대로 528, 5층 (논현동)",,2,0,,127.022643236224,37.5092956336041,,,,서울특별시,강남구
미예담산부인과의원,"서울특별시 강남구 학동로33길 7 (논현동, 4층 일부)",,2,,,127.032540231201,37.5152280563605,,,,서울특별시,강남구
백내과의원,"서울특별시 영등포구 영중로 60, 유니온빌딩 (영등포동5가)",,2,0,,126.905329238282,37.5214492718467,,,,서울특별시,영등포구
베스탑비뇨기과의원,"서울특별시 영등포구 영중로 51-1, 7층 (영등포동6가)",,2,,,126.904622073126,37.5209473850764,,,,서울특별시,영등포구
샛별안과의원,"서울특별시 영등포구 당산로44길 3, 410호 (당산동5가, 삼성타운)",,2,,,126.901077532801,37.5319143458605,,,,서울특별시,영등포구
성모정신과의원,"서울특별시 영등포구 영중로 51-1, 10층 (영등포동6가)",,2,,,126.904622073126,37.5209473850764,,,,서울특별시,영등포구
동동가정의학과의원,"서울특별시 도봉구 방학로 167, 4층 (방학동)",,2,0,,127.033578375448,37.6621580215254,,,,서울특별시,도봉구
김재연내과의원,"서울특별시 금천구 금하로 763, 201호 (시흥동, 벽산2차 중심상가)",,2,0,,126.914588261631,37.4503452637179,,,,서울특별시,금천구
마이피부과의원,서울특별시 강남구 테헤란로87길 13,,2,,,127.058591804414,37.5086333777282,,,,서울특별시,강남구
서울브레인신경과의원,"서울 강남구 논현로159길 17 , 삼화빌딩 3층 301호  (신사동)",,1,1,,127.0266294335,37.5229066246,,,,서울특별시,강남구
마디힐신경외과의원,"서울특별시 강남구 선릉로131길 8, 노벨빌딩 6층 (논현동)",,1,20,,127.040276007202,37.5179752643562,,,,서울특별시,강남구
코코이비인후과의원,"서울특별시 강남구 남부순환로 2936, 203,204호 (대치동, 윈플러스상가)",,1,2,,127.06191661451,37.4933489108525,,,,서울특별시,강남구
서울삼성안과의원,서울 강남구 압구정로 432   (청담동),,2,,,127.044079997771,37.5266074034274,,,,서울특별시,강남구
압구정본산부인과의원,"서울 강남구 압구정로28길 14 , 형원빌딩 2층  (신사동)",,2,,,127.027583996141,37.5257284350603,,,,서울특별시,강남구
성모마취통증의학과의원,서울특별시 강남구 테헤란로87길 13,,2,,,127.058591804414,37.5086333777282,,,,서울특별시,강남구
이성호가정의학과의원,서울특별시 종로구 숭인동길 21,,2,,,127.02146343029914,37.57557034767465,,,,서울특별시,종로구
행림내과의원,"서울특별시 송파구 양재대로 1222, 중심상가동 3층 25호 (방이동, 올림픽선수기자촌아파트 )",,2,,,127.131063164753,37.5157276361757,,,,서울특별시,송파구
유정형외과의원,"서울특별시 은평구 응암로 201, 2,3층 (응암동)",,2,0,,126.916880797344,37.5900256667534,,,,서울특별시,은평구
연희제일의원,"서울특별시 서대문구 연희로 108, 1층 (연희동)",,2,,,126.9316187830982,37.56743161607411,,,,서울특별시,서대문구
진내과의원,"서울특별시 금천구 독산로 199, 2층 (독산동)",,2,,,126.90253099591004,37.464671581099324,,,,서울특별시,금천구
뽀드베베의원,"서울특별시 강남구 강남대로 598, 7층 (논현동)",,2,,,127.020363312256,37.5151950134955,,,,서울특별시,강남구
다나가정의학과의원,"서울특별시 서초구 신반포로 329, 세기빌딩 202호 (잠원동)",,2,,,127.019505342,37.5108041146939,,,,서울특별시,서초구
가야성모의원,"서울특별시 서초구 방배로 175, 4층 (방배동, 동성빌딩)",,2,,,126.992306606762,37.4891650193791,,,,서울특별시,서초구
강남맨포스비뇨기과의원,서울특별시 서초구 강남대로 597 진미선 (잠원동),,2,,,127.019317658902,37.5150359817667,,,,서울특별시,서초구
건재활의학과의원,"서울특별시 서초구 사임당로 174, 303~305호 (서초동, 강남미래타워)",,2,0,,127.028649677024,37.4923165838485,,,,서울특별시,서초구
용피부과의원,"서울특별시 영등포구 의사당대로 108, 3층 302호 (여의도동, 아일렉스)",,2,,,126.923991634451,37.5210144173791,,,,서울특별시,영등포구
삼성플러스의원,"서울특별시 도봉구 노해로 384, 203호 (창동, 동아상가)",,2,,,127.051002787716,37.6519427474015,,,,서울특별시,도봉구
임흥각내과의원,"서울특별시 영등포구 도림로 312, 1, 2층 (신길동)",,2,,,126.902497786904,37.5055449734697,,,,서울특별시,영등포구
제이씨빛소망안과의원,"서울특별시 영등포구 국제금융로6길 33, 6층 (여의도동, 맨하탄빌딩)",,1,20,,126.926911965929,37.5207908297398,,,,서울특별시,영등포구
건강제일의원,"서울특별시 도봉구 도봉로 499, 2호 (쌍문동)",,2,,,127.035311835472,37.6501906699592,,,,서울특별시,도봉구
봄산부인과의원,서울 용산구 회나무로13길 5   (이태원동),,2,,,126.989283969288,37.539531984634,,,,서울특별시,용산구
마리아마취통증의학과의원,"서울특별시 서대문구 통일로 464, 3층 (홍제동)",,2,,,126.943219061658,37.5899629791299,,,,서울특별시,서대문구
김정훈내과의원,"서울특별시 송파구 삼전로 99 (잠실동, 2층)",,2,,,127.090133910971,37.507262374315,,,,서울특별시,송파구
압구정연세안과의원,"서울특별시 강남구 언주로 874, 쌍봉빌딩 3층 일부 (신사동)",,2,0,,127.034133513054,37.5285885762172,,,,서울특별시,강남구
코미인의원,"서울특별시 강남구 봉은사로 105, 8층 (논현동, 동양빌딩)",,2,,,127.025024207865,37.5049715004391,,,,서울특별시,강남구
명성내과의원,"서울특별시 서초구 바우뫼로 23, 301호 (우면동,선일빌딩)",,2,,,127.025255502443,37.4704095958188,,,,서울특별시,서초구
서울자이소아청소년과의원,"서울특별시 서초구 사평대로45길 10-25, 402호 (반포동, 베리스타운)",,2,0,,127.013953666134,37.5066316270124,,,,서울특별시,서초구
연세메디노블의원,"서울 용산구 서빙고로 69 , 파크타워아파트 106동 1층 24,26호  (용산동5가, 파크타워아파트)",,2,0,,126.972351473155,37.5237113460813,,,,서울특별시,용산구
조피부과의원,"서울특별시 은평구 은평로 136, 302호 (응암동, 은경빌딩)",,1,0,,126.923039015434,37.6002632124439,,,,서울특별시,은평구
비너스여성외과의원,"서울특별시 강서구 화곡로 176-4, 6층 (화곡동, 화곡메디칼빌딩)",,1,2,,126.841148635684,37.54165776434,,,,서울특별시,강서구
에이린산부인과의원,"서울특별시 서초구 강남대로 435, 5층-사용6층 (서초동, 주류성빌딩)",,2,,,127.0255631795,37.5011782414,,,,서울특별시,서초구
제일성모안과의원,서울특별시 강남구 개포로 615 (개포동),,2,,,127.07558248914,37.4926580850327,,,,서울특별시,강남구
장내과의원,"서울특별시 서초구 사임당로 181, 3층 (서초동, 대일빌딩)",,2,,,127.02932311263,37.4930381253974,,,,서울특별시,서초구
서울항맥외과의원,"서울특별시 도봉구 도봉로 488, 6층 (창동, 대명빌딩)",,1,8,,127.035265943337,37.6489950789907,,,,서울특별시,도봉구
임안과의원,"서울특별시 도봉구 덕릉로 232, 3층 (창동)",,2,,,127.038147466013,37.6384215846546,,,,서울특별시,도봉구
조은이비인후과의원,서울특별시 도봉구 노해로65길 14 (창동),,2,,,127.046523773308,37.6520344268197,,,,서울특별시,도봉구
참서울내과의원,"서울특별시 도봉구 마들로 650, 도봉월드상가 1층 105-3,4 106-3,4 112-2호 (방학동)",,2,0,,127.047064658894,37.6680283468222,,,,서울특별시,도봉구
리필업의원,"서울특별시 서초구 신반포로 177, 3동 3층 1,2,3호 (잠원동, 반포쇼핑타운)",,2,,,127.003407328203,37.5060995475667,,,,서울특별시,서초구
새하얀피부과의원,"서울특별시 서초구 방배천로 5-3, 3층 (방배동)",,2,0,,126.982257596187,37.4770492449913,,,,서울특별시,서초구
장스내과의원,"서울특별시 중랑구 망우로 411, A동 2층 (망우동, 장스빌딩)",,1,3,,127.097891610363,37.5995969226542,,,,서울특별시,중랑구
호산의원,"서울특별시 구로구 구로동로 215-1, 2층 (구로동)",,2,,,126.882276534236,37.4978508872457,,,,서울특별시,구로구
반포비앤씨피부과의원,"서울특별시 서초구 반포대로 287, 래미안퍼스티지 중심상가 3층 333-335호 (반포동)",,2,0,,127.001088324244,37.5043279449175,,,,서울특별시,서초구
김영환피부과의원,서울특별시 서대문구 연희로 407 (홍은동),,2,,,126.940485307056,37.5912879829227,,,,서울특별시,서대문구
청담의원,"서울특별시 송파구 가락로 113 (석촌동, 2층)",,2,,,127.10864433644,37.5016797600912,,,,서울특별시,송파구
라포레성형외과의원,"서울특별시 강남구 논현로 824, 동양빌딩 5층 (신사동)",,2,,,127.028542466859,37.5219903085592,,,,서울특별시,강남구
상암선내과의원,"서울특별시 마포구 월드컵북로 402, 3층 322호 (상암동, KGIT상암센터)",,2,0,,126.888982346416,37.580107752042,,,,서울특별시,마포구
김진경내과의원,서울특별시 서초구 서운로 207 삼호종합상가 305호 (서초동),,2,,,127.021753455557,37.5015195846305,,,,서울특별시,서초구
라환도외과의원,"서울특별시 동대문구 왕산로 178, 4층 (전농동)",,2,,,127.043146161257,37.5793037852612,,,,서울특별시,동대문구
김재준피부과의원,"서울특별시 관악구 관악로 231-1, 3층 (봉천동)",,2,,,126.955561752124,37.4853400623865,,,,서울특별시,관악구
연세이비인후과의원,서울특별시 은평구 통일로 730 (불광동),,2,,,126.930091088595,37.6108142265488,,,,서울특별시,은평구
연세봄산부인과의원,"서울특별시 중랑구 망우로 214, 우도빌딩 (상봉동)",,2,,,127.076630319913,37.5937481809153,,,,서울특별시,중랑구
채희재피부과의원,"서울특별시 은평구 서오릉로 140, 2층 (대조동)",,2,,,126.917603128121,37.6113251377512,,,,서울특별시,은평구
엠케이(MK)비뇨기과의원,서울특별시 구로구 도림로 75  (구로동),,2,0,,126.89147416885892,37.489775004918336,,,,서울특별시,구로구
서울다나의원,"서울특별시 은평구 연서로 30, 2층 (역촌동)",,2,,,126.916211724006,37.6017606041836,,,,서울특별시,은평구
이이비인후과의원,"서울특별시 구로구 경인로 319, 대림프라자 (개봉동)",,2,,,126.855601090574,37.4975993752858,,,,서울특별시,구로구
이나영내과의원,서울특별시 서초구 잠원로 24 (반포동),,2,0,,127.009871399,37.507116419,,,,서울특별시,서초구
원일한상룡내과의원,서울특별시 영등포구 영중로8길 6 (영등포동3가),,2,0,,126.906179481554,37.5183625742201,,,,서울특별시,영등포구
고태용이비인후과의원,"서울특별시 영등포구 도신로60길 2, 4층 (신길동)",,2,,,126.916830327223,37.511784488477,,,,서울특별시,영등포구
한준규정형외과의원,"서울특별시 관악구 난곡로 256, 지하1층~4층 (신림동)",,1,20,,126.91583772554,37.4769925818527,,,,서울특별시,관악구
김흥기산부인과의원,서울특별시 동대문구 왕산로 183,,2,,,127.043578527298,37.5799193656574,,,,서울특별시,동대문구
연세열린의원,"서울특별시 은평구 증산로 297, 201호 (증산동, 청록빌딩)",,2,0,,126.909237445391,37.5838222894398,,,,서울특별시,은평구
삼성속편한내과의원,"서울특별시 중랑구 사가정로 398, JS빌딩 2층 (면목동)",,2,,,127.088816583304,37.5802876412794,,,,서울특별시,중랑구
은혜정형외과의원,"서울특별시 용산구 보광로 35, 2층 (보광동)",,2,0,,126.9996244058,37.5272776851,,,,서울특별시,용산구
중계윌내과의원,"서울특별시 노원구 한글비석로 253, 세신프라자빌딩 401호, 402호, 405호 (중계동)",,2,0,,127.0763481119,37.6504237048351,,,,서울특별시,노원구
연세산부인과의원,"서울특별시 노원구 상계로 65, (상계동)",,2,,,127.062249590194,37.6563543249568,,,,서울특별시,노원구
안영옥산부인과의원,"서울특별시 마포구 마포대로 52, 207호 (도화동, 고려아카데미텔2)",,2,0,,126.947662908645,37.5403382601404,,,,서울특별시,마포구
늘편한의원,"서울특별시 도봉구 노해로69길 97, 313호 (창동, 동아청솔아파트)",,2,0,,127.049334440854,37.6568264212057,,,,서울특별시,도봉구
안세정신과의원,"서울특별시 서대문구 신촌로 99, 엘리트빌딩 8층 2호 (창천동)",,2,0,,126.936567828148,37.5556893522809,,,,서울특별시,서대문구
비너스의원,서울특별시 강동구 양재대로 1629 (명일동),,2,,,127.143672912956,37.5510529952601,,,,서울특별시,강동구
구로정형외과의원,"서울특별시 구로구 가마산로 211, 외5필지동 4,5,6층 (구로동)",,2,0,,126.88452831432,37.4935875656885,,,,서울특별시,구로구
은혜이비인후과의원,"서울특별시 송파구 백제고분로 258 (삼전동, 2층)",,2,0,,127.09510752880375,37.50221215893634,,,,서울특별시,송파구
조은이비인후과의원,"서울특별시 은평구 연서로 246, 2층 (불광동)",,1,1,,126.922607355291,37.6190478329207,,,,서울특별시,은평구
연세미초롬의원,"서울 광진구 자양로13길 47 , 욱영빌딩 2층  (자양동)",,2,,,127.08189441761,37.5341672695454,,,,서울특별시,광진구
김이비인후과의원,"서울특별시 서대문구 통일로 452, 2층 (홍제동)",,2,,,126.944041573542,37.5891517580566,,,,서울특별시,서대문구
어비뇨기과의원,"서울특별시 노원구 동일로 1401, 2층 (상계동, 상아빌딩)",,1,3,,127.0603825541,37.6535741433,,,,서울특별시,노원구
김기창안과의원,"서울 은평구 통일로 731 , 2층  (대조동)",,2,,,126.929466316371,37.6106226649216,,,,서울특별시,은평구
미래이비인후과의원,"서울특별시 강남구 논현로 839, 외1필지3층 (신사동)",,1,3,,127.027941955388,37.5236610911879,,,,서울특별시,강남구
박선혜산부인과의원,"서울특별시 강남구 양재대로55길 7, 지하1층,4층 (일원동)",,2,0,,127.087747062441,37.4913376297727,,,,서울특별시,강남구
앤의원,"서울특별시 마포구 만리재로 15, 403~406호 (공덕동, 제일빌딩)",,2,0,,126.95276773044,37.5445849310546,,,,서울특별시,마포구
연세비뇨기과의원,"서울특별시 금천구 시흥대로 232, 2층 (시흥동)",,2,,,126.900945488679,37.4546052385051,,,,서울특별시,금천구
연세수마취통증의학과의원,"서울특별시 금천구 시흥대로 228, 2층 (시흥동, 동경빌딩)",,2,,,126.901216447928,37.454225418124,,,,서울특별시,금천구
행복아이소아청소년과의원,"서울특별시 송파구 새말로8길 27 (문정동, 3층)",,2,0,,127.126949362639,37.4802642140717,,,,서울특별시,송파구
허피부과의원,"서울특별시 송파구 송이로 87, 4층 (가락동, 동서울크리닉)",,2,,,127.120795228829,37.4983419879792,,,,서울특별시,송파구
선내과의원,서울특별시 양천구 목동서로 340,,2,,,126.864038205091,37.5194246797911,,,,서울특별시,양천구
신재식마취통증의학과의원,서울특별시 송파구 오금로 504 (거여동),,2,,,127.144647366813,37.4928541028823,,,,서울특별시,송파구
임용수비뇨기과의원,"서울특별시 강동구 올림픽로 651, 예경빌딩 (천호동)",,2,0,,127.123313958545,37.5397559555383,,,,서울특별시,강동구
우리들내과의원,"서울 광진구 뚝섬로 480 , 2층  (자양동)",,2,0,,127.063547324205,37.536424491472,,,,서울특별시,광진구
김패밀리의원,서울특별시 종로구 성균관로 49-1 (명륜3가),,2,,,126.996374653931,37.5871242184018,,,,서울특별시,종로구
상일정형외과의원,"서울특별시 광진구 자양로 42 (자양동, 동남빌딩(지하1층, 지상1, 2, 4, 5층))",,1,12,,127.086094632545,37.5319692640161,,,,서울특별시,광진구
손내과의원,서울특별시 성동구 행당로 87 (행당동),,2,,,127.028543321406,37.55727526593402,,,,서울특별시,성동구
양천이비인후과의원,"서울특별시 양천구 목동로 201, 3층(신정동,한성빌딩)",,2,,,126.86393699482306,37.52639560942719,,,,서울특별시,양천구
마이스킨피부과의원,"서울특별시 노원구 한글비석로 254, 205호 (중계동, 대명플라자)",,2,,,127.077086240765,37.6504043041825,,,,서울특별시,노원구
온누리피부과의원,서울특별시 강동구 양재대로 1661 (명일동),,2,0,,127.143944021144,37.5538571094692,,,,서울특별시,강동구
미앤미의원,"서울특별시 강동구 올림픽로 651, 4층 (천호동, 예경빌딩)",,2,,,127.123313958545,37.5397559555383,,,,서울특별시,강동구
박산부인과의원,서울특별시 구로구 구로동로 35 (가리봉동),,2,,,126.885897028905,37.4849672468365,,,,서울특별시,구로구
박주진산부인과의원,"서울특별시 양천구 오목로 321-1, 서경빌딩 3층 (목동)",,1,6,,126.873112535425,37.5252739014686,,,,서울특별시,양천구
양진석내과의원,"서울특별시 동작구 상도로 178, 2층 (상도동, 강남빌딩)",,2,,,126.93873010516396,37.50440017872415,,,,서울특별시,동작구
이용식이비인후과의원,"서울특별시 종로구 종로 347, 204호 (숭인동, 롯데캐슬상가)",,1,1,,127.016000015149,37.5740562569508,,,,서울특별시,종로구
새사당의원,"서울특별시 동작구 사당로 301, 2층 (사당동)",,2,,,126.980796622285,37.4853017183316,,,,서울특별시,동작구
참비뇨기과의원,"서울특별시 관악구 난곡로 219, 2층 (신림동)",,2,0,,126.91732916657523,37.473894792346044,,,,서울특별시,관악구
조용오안과의원,서울특별시 동대문구 장한로 129 (장안동),,2,,,127.070930222624,37.5719953693996,,,,서울특별시,동대문구
동교정신건강의학과의원,서울특별시 마포구 신촌로 62 (동교동),,2,,,126.932677443116,37.5563615946998,,,,서울특별시,마포구
누가의원,서울특별시 마포구 신촌로 84 (노고산동),,2,,,126.934957824678,37.5555526059406,,,,서울특별시,마포구
세조의원,"서울특별시 성북구 종암로 93, 2층 (종암동)",,2,0,,127.034402115143,37.598547171594,,,,서울특별시,성북구
성북제일의원,서울특별시 성북구 종암로 87 (종암동),,2,0,,127.0346052346,37.5979921017271,,,,서울특별시,성북구
최이비인후과의원,"서울특별시 영등포구 신길로 145, 2층 (신길동)",,2,0,,126.910395805911,37.5052191180452,,,,서울특별시,영등포구
미앤아이의원,"서울특별시 서초구 방배로 76, 머리재빌딩 207,203일부호 (방배동)",,2,0,,126.998265188613,37.4811603381547,,,,서울특별시,서초구
우리내과의원,"서울 금천구 시흥대로 214 , 비즈메드빌딩 7층  (시흥동)",,2,0,,126.901712234507,37.4530428916984,,,,서울특별시,금천구
고은빛산부인과의원,"서울특별시 송파구 오금로 95, 국제빌딩 지하1층, 2~8층 (방이동)",,1,26,,127.107697279627,37.5137872449326,,,,서울특별시,송파구
강동고려의원,서울특별시 강동구 양재대로 1327 (성내동),,2,,,127.134711216003,37.5249336681948,,,,서울특별시,강동구
김안과의원,"서울특별시 노원구 상계로 55, 302호(상계동)",,2,,,127.061162881077,37.656050001067,,,,서울특별시,노원구
김명진내과의원,서울특별시 도봉구 도봉로 471 (쌍문동),,2,,,127.03387685596,37.6478425877321,,,,서울특별시,도봉구
박상화정형외과의원,서울특별시 강동구 양재대로 1319 (성내동),,2,0,,127.134439064819,37.5241954271851,,,,서울특별시,강동구
이지신경외과의원,"서울특별시 구로구 구로동로26길 37, 3층 (구로동)",,2,0,,126.886213943676,37.4902679096097,,,,서울특별시,구로구
건강드림내과의원,"서울특별시 구로구 천왕로 106, 골드프라자 (천왕동)",,2,0,,126.838559499205,37.4860407392631,,,,서울특별시,구로구
정동균내과의원,서울특별시 마포구 서강로 132 (노고산동),,2,0,,126.935470953428,37.5538462178158,,,,서울특별시,마포구
조은마취통증의학과의원,"서울특별시 송파구 동남로 138, 삼원빌딩 4층 일부호 (문정동)",,2,0,,127.126242693759,37.4911230155082,,,,서울특별시,송파구
공봉택성형외과의원,서울특별시 노원구 노해로 490,,2,,,127.062410925814,37.6544097398982,,,,서울특별시,노원구
수연세안과의원,"서울특별시 서초구 서초대로77길 54, 서초더블유타워 5, 6층 (서초동)",,2,,,127.02484127797528,37.502506415764955,,,,서울특별시,서초구
서초좋은의원,"서울특별시 서초구 서초중앙로 238, 306호 (반포동, 삼호가든상가)",,2,,,127.012070984447,37.5029619493601,,,,서울특별시,서초구
베스탑비뇨기과의원,"서울특별시 송파구 올림픽로 269, 2층 221호 (신천동, 롯데캐슬골드)",,2,,,127.100611434725,37.5144273491608,,,,서울특별시,송파구
연세이김마취통증의학과의원,서울특별시 송파구 송파대로30길 5 (가락동),,2,0,,127.118048260052,37.4944808900047,,,,서울특별시,송파구
오렌지정형외과의원,서울특별시 송파구 마천로 271 (마천동),,2,0,,127.147108511955,37.4978050655343,,,,서울특별시,송파구
